Peak_Coordinates	BCL11A	CTCF	CTCFL	DNMT1	ETS2	GTF2I	GTF3A	IRF2	KLF1	KLF10	KLF11	KLF13	KLF15	KLF16	KLF2	KLF4	KLF5	KLF7	KLF9	LYL1	MAZ	MZF1	PATZ1	PRDM6	RBAK	RREB1	SALL2	SALL4	SP1	SP2	SP4	SP5	SP7	SP8	SP9	STAT2	TAL1	TCF12	VEZF1	WT1	ZBTB17	ZBTB7A	ZBTB7C	ZFP14	ZFP28	ZFP57	ZFP64	ZFP69B	ZFX	ZFY	ZNF121	ZNF124	ZNF132	ZNF169	ZNF180	ZNF181	ZNF182	ZNF189	ZNF202	ZNF205	ZNF219	ZNF23	ZNF263	ZNF267	ZNF281	ZNF283	ZNF30	ZNF304	ZNF311	ZNF341	ZNF354C	ZNF37A	ZNF384	ZNF394	ZNF398	ZNF436	ZNF441	ZNF444	ZNF467	ZNF484	ZNF513	ZNF527	ZNF530	ZNF543	ZNF548	ZNF557	ZNF566	ZNF571	ZNF596	ZNF613	ZNF658	ZNF682	ZNF71	ZNF766	ZNF77	ZNF770	ZNF774	ZNF776	ZNF786	ZNF823	ZNF84	ZNF846	ZNF860	ZSCAN22	ZSCAN30
chr1_19406766_19407267	0.65	0	0	0	0	0	0	0	0	0	0	0	0	0	0.1695	0	0	0	0	0	0	0	0	0	0	0	0	0	0	0	0	0	0	0	0	0	0	0	0	0	0	0	0.48	0	0	0	0	0	0	0	0	0	0	0	0	0	0	0	0	0.242	0	0	0	0	0	0	0	0	0	0	0	0	0	0	0	0	0	0	0	0	0	0	0	0	0	0.9755	0	0	0	0	0	0	0	0.149	0.144	0	0	0	0	0.658	0	0.511	0	0	0
chr1_32820518_32821019	0	0	0	0	0	0	0	0	0	0	0	0	0	0	0.453	0	0	0	0	0	0	0	0	0.9	0	0	0	0	0	0	0	0.983	0	0	0	0.546	0	0	0	0	0	0	0	0	0	0	0	0	0	0	0	0	0	0	0	0	0.998	0	0	0	1	0	0	0	0	1	0	0	0	0	0	0	0	0	0	0	0	0	0	0	0	0	0	0	0	0	0	0	0	0	0	0	0	0.4015	0	0.202	0	0	0.5435	0	0	0	0.2565	0	0
chr1_34690055_34690556	0	0	0	0	0	0	0	0	0	0	0	0	0	0	0.7815	0	0	0	0	0	0	0	0	0	0	0	0.164	0	0	0	0	0	0	0	0	0	0	0	0	0	0	0	0	0	0	0	0	0	0	0	0	0	0	0	0	0	0	0	0	0.489	0	0	0	0	0	0	0	0	0	0.9715	0	0	0	0	0	0.7625	0	0	0	0	0	0	0	0	0	0	0	0	0	0	0	0	0	0.3245	0	0	0	0	0	0	0	0.253	0	0	0
chr1_39376056_39376557	0	0	0	0	0.3855	0	0	0	0	0	0	0	0	0	0	0	0	0	0	0	0.7845	0	0	0.5675	0	0	0.5755	0	0	0	0	0	0	0	0	0.376	0	0	0.37	0	0.198	0	0	0	0.431	0	0	0	0	0.3625	0	0	0	0	0	0	0.3295	0	0.2975	0	0	0	0	0.1325	0	0	0	0	0	0.1805	0	0	0.219	0	0	0	0	0	0.4205	0	0	0	0	0	0	0.3835	0	0	0	0.1965	0	0	0.517	0.3095	0	0	0.1595	0	0	0.584	0.25	0.3595	0	0	0
chr1_39508658_39509159	0	0	0	0	0	0	0	0	0	0	0	0	0	0	0	0	0	0	0	0	0	0	0	0.981	0	0	0	0	0	0	0	0	0	0	0	0.1965	0	0	0	0	0	0	0	0	0.693	0	0	0	0	0	0.242	0	0	0.6665	0	0	0.4345	0	0	0	0	0	0	0	0	0	0	0	0	0	0	0	0.2295	0	0	0	0	0	0	0	0.181	0	0	0	0	0.383	0	0.315	0	0.141	0	0	0	0	0	0.256	0	0	0	0	0	0	0	0	0
chr1_39524402_39524903	0	0	0	0	0	0.9655	0	0	0	0	0	0	0	0	0.9305	0	0	0	0	0	0.5425	0.3315	0	0	0	0	0.431	0.9445	0	0	0	0	0	0	0	0	0.13	0	0.9795	0	0.4055	0	0	0	0	0	0.855	0	0	0	0	0	0.42	0.602	0.4555	0	0	0	0.5175	0.774	0.1195	0	0.281	0	0	0.164	0	0	0	0.659	0	0.3505	0	0	0.2745	0	0	0.785	0.3825	0	0	0	0	0	0	0	0	0	0.424	0	0.215	0.997	0.5445	0	0	0.6705	0	0	0	0	0	0.87	0	0.261	0
chr1_41038865_41039366	0	0	0	0	0	0	0	0	0	0	0	0	0	0	0	0	0	0	0	0	0	0	0	0	0	0	0	0	0	0	0	0	0	0	0	0	0	0	0	0	0	0	0	0	0	0	0	0	0	0	0	0	0	0.212	0	0	0	0	0	0	0	0	0	0	0	0	0	0	0	0	0.654	0	0	0	0	0	0	0	0	0	0	0	0	0	0	0.721	0	0	0	0	0	0	0	0.4755	0	0	0	0	0	0	0	0.8025	0	0	0
chr1_41155744_41156245	0	0	0	0	0	0	0	0	0	0	0	0	0	0	0	0	0	0	0	0	0	0	0	0	0	0.7295	0	0	0	0	0	0	0	0	0	0	0	0	0	0	0	0	0	0	0	0	0	0	0	0	0	0	0	0	0	0	0.124	0	0	0	0	0	0.667	0	0	0	0	0	0	0	0	0	0	0	0	0	0	0	0	0	0	0	0	0	0	0	0	0	0	0	0	0	0	0	0	0	0.984	0	0	0.9745	0	0	0	0	0
chr1_61139428_61139929	0	0	0	0	0.9215	0.6805	0	0	0	0	0	0	0	0	0	0	0	0	0	0	0.923	0.589	0.9675	0.4335	0.9835	0	0	0	0	0	0	0	0	0	0	0.962	0	0	0.9135	0	0.237	0	0	0	0	0	0	0	0	0	0	0	0.1355	0.962	0.9915	0	0	0.9765	0	0	0	0	0	0.9985	0.9795	0	0.9835	0	0	0.8125	0	0.987	0	0	0	0	0	0	0.478	0.284	0	0	0	0	0.1445	0.984	0	0	0	0	0	0	0.877	0	0	0	0.991	0.1755	0	0.536	0.766	0	0.7375	0	0.999
chr1_63974252_63974753	0	0	0	0	0	0	0	0	0	0	0	0	0	0	0	0	0	0	0	0	0	0.9965	0	0	0	0	0	0	0	0	0	0	0	0	0	0	0.4595	0	0	0	0	0	0	0	0	0	0	0	0	0	0	0	0.8665	0	0	0	0	0	0	0	0	0	0	0	0	0	0	0	0	0	0.226	0.8925	0	0	0	0	0	0	0.9375	0	0	0	0	0	0	0.965	0	0	0	0	0.7255	0	0	0	0	0	0	0	0	0.5755	0	0	0	0	0
chr1_69077153_69077654	0	0	0	0	0	0	0	0	0.431	0.4955	0	0.206	0.473	0.8015	0	0.31	0.2655	0.6615	0.387	0	0.6215	0	0	0	0.3735	0	0	0	0.61	0.4405	0.1355	0	0.4335	0.4775	0.2775	0	0	0.539	0.185	0.31	0.337	0.5415	0	0.503	0	0	0	0	0	0.6645	0	0	0.18	0.6585	0.4535	0	0	0	0.3595	0	0.3275	0	0.3125	0	0.3175	0.216	0.4525	0.185	0.536	0.436	0	0	0	0	0	0	0.669	0.21	0.171	0	0	0	0.6345	0.368	0	0	0.297	0.512	0	0	0	0	0	0	0	0	0	0	0	0	0	0.3525	0	0	0
chr1_69110881_69111382	0	0	0	0	0	0.2175	0	0	0	0	0	0	0	0	0	0	0	0	0	0	0	0	0	0	0	0	0.182	0	0	0	0	0	0	0	0	0	0	0	0	0	0	0	0	0	0	0	0	0	0	0	0	0	0	0	0	0	0	0	0	0	0	0	0	0	0	0	0	0	0	0	0	0.533	0	0	0	0	0	0	0	0	0	0	0	0	0	0.2	0	0	0	0	0	0	0	0	0	0	0	0	0	0	0	0	0	0	0
chr1_74221260_74221761	0	0	0	0	0.136	0	0	0	0	0	0	0	0	0	0	0	0	0	0	0	0	0	0	0.4115	0	0	0	0	0	0	0	0	0	0	0	0.318	0	0	0	0	0	0	0	0	0.7995	0	0	0	0	0	0	0	0	0.378	0	0	0.791	0	0	0	0	0	0	0	0	0	0	0	0	0	0	0	0	0	0	0	0	0	0	0	0	0	0	0	0	0	0	0	0	0.8095	0	0	0	0	0	0	0	0	0	0	0	0	0	0	0
chr1_94385310_94385811	0	0	0	0	0	0	0	0	0	0	0	0	0	0	0	0	0	0	0	0	0	0	0	0	0	0	0.3205	0	0	0	0	0	0	0	0	0	0	0	0	0	0	0	0	0	0	0.3235	0	0	0.8485	0.3755	0.2065	0	0	0	0	0	0	0	0	0	0	0	0.706	0	0	0	0.2795	0	0	0	0	0	0	0	0	0.135	0	0	0	0	0	0	0	0	0	0.253	0.736	0.2295	0	0	0	0	0.2	0	0	0	0.566	0	0	0	0	0	0	0	0.533
chr1_99377655_99378156	0	0.993	1	0	0	0	0	0	0	0	0	0	0	0	0	0	0	0	0	0	0	0	0	0	0	0	0	0	0	0	0	0	0	0	0	0	0	0	0	0	0.213	0	0	0	0	0	0.2755	0	0	0	1	0	0	0.691	0	0	0	0	0.625	0.214	0	0	0.8865	0	0	0	0	0.9825	0	0.9825	0	0.4825	0	0	0	0	0	0	0.9945	0	0	0	0.3585	0	0.987	0.158	0	0	0	0	0	0	0	0	0	0	0.1885	0	0.327	0	0	0	0	0	0
chr1_99566923_99567424	0	0.9965	0.686	0	0	0	0	0	0	0	0	0	0	0	0	0	0	0	0	0	0	0	0	0.786	0	0	0	0	0	0	0	0	0	0	0	0	0	0	0	0	0	0	0	0	0	0	0	0	0	0	0	0	0	0	0	0	0	0	0	0	0	0	0	0	0	0	0	0	0	0	0	0	0	0	0	0	0	0	0	0.164	0	0	0	0	0	0	0	0	0	0	0	0	0	0.2965	0	0	0	0	0	0.7575	0	0	0	0	0
chr1_100515037_100515538	0	0	0	0	0	0	0	0	0	0	0	0	0	0	0	0	0	0	0	0	0.1785	0	0	0	0	0	0	0	0	0	0	0	0	0	0	0	0	0	0	0	0	0	0	0	0	0	0	0	0	0	0	0	0	0.668	0	0	0	0	0	0.563	0	0	0	0	0	0	0	0	0	0	0.7395	0	0	0	0	0	0	0	0	0	0	0	0	0	0	0.647	0	0	0	0	0	0	0	0	0	0	0.9915	0	0	0	0	0	0	0	0
chr1_100897044_100897545	0	0	0	0	0	0	0	0	0	0	0	0	0	0	0	0	0	0	0	0	0	0	0	0	0	0	0	0	0	0	0	0	0	0	0	0	0	0	0.7085	0	0	0	0	0	0	0.9515	0	0	0	0	0	0	0	0.8845	0	0	0	0	0	0	0.9515	0	0	0	0	0.9975	0.2395	0	0	0.9395	0	0.992	0	0	0.1595	0	0	0	0.9845	0	0	0	0.758	0	0	0	0	0	0	0	0	0	0	0.2455	0.9845	0	0.891	0	0	0.891	0	0	0	0	0
chr1_104673470_104673971	0	0	0	0	0.996	0	0	0	0	0	0	0	0	0	0.968	0	0	0	0	0	0	0	0.844	0	0.993	0	0	0	0	0	0	0	0	0	0	0	0	0	0	0.8945	0.761	0	0	0	0	0	0	0	0	0	0	0	0	0	0.2275	0	0	0	0.172	0.2225	0	0.184	0.9995	0	0.459	0	0.996	0	0	0.571	0	0	0	0	0.9505	0.241	0	0.9965	0.9965	0	0	0	0	0.7335	0	0.2775	0	0	0	0	0.877	0	0	0	0	0	0	0	0	0	0	0.1545	0	0	0
chr1_127899338_127899839	0	0.986	0	0	0	0	0	0	0	0	0	0	0	0	0	0	0	0	0	0	0	0	0	0	0	0	0	0	0	0	0	0	0	0	0	0	0	0	0.9095	0	0	0	0	0	0	0	0	0	0	0	0	0	0.5095	0	0	0	1	0	0	0	0	0	0	0	0	0	0	0	0	0	0	0	0	0	0	0	0	0	0	0	0	0	0	0	0	0.985	0	0	0	0	0	0	0	0.3625	0	0	0.248	0	0	0	0	0	0	0	0
chr1_135468016_135468517	0	0	0	0	0	0	0	0	0	0	0	0	0	0	0	0	0	0	0	0	0	0	0	0	0	0	0	0	0	0	0	0	0	0	0	0	0	0	0	0	0	0	0	0	0	0	0	0	0	0	0	0	0.2855	0	0	0	0	0	0	0	0	0	0	0	0	0	0	0	0	0	0	0	0	0	0	0	0	0	0	0	0	0	0	0	0	0	0	0.572	0	0	0	0	0	0	0	0	0	0	0	0	0	0	0	0	0
chr1_139120425_139120926	0	0	0	0	0	0	0	0	0	0	0	0	0	0	0	0	0	0	0	0	0	0	0	0	0	0.613	0	0	0	0	0	0	0	0	0	0	0	0	0	0	0	0	0	0	0	0	0	0	0	0	0	0	0	0	0	0	0	0	0	0	0	0	0	0	0	0	0	0	0	1	0	0	0	0	0	0.8805	0	0	0	0	0	0	0	0	0	0	0	0	0	0	0	0	0	0	0	0	0	0	0	0	0	0	0	0	0
chr1_148005913_148006414	0.9755	0	0	0	0	0	0	0	0	0	0	0	0	0	0	0	0	0	0	0	0	0	0	0	0.684	0.5785	0	0	0	0	0	0	0	0	0	0	0	0	0	0	0	0	0	0	0	0	0	0	0	0	0	0	0	0	0	0	0	0	0	0.9935	0	0	0	0	0	0	0	0	0	0	0	0	0	0	0	0	0	0	0	0	0	0	0	0	0	0	0	0	0	0	0	0	0	0	0.7095	0	0.705	0	0	0.7625	0	0	0	0	0
chr1_164765758_164766259	0	0	0	0	0	0	0	0	0	0	0	0	0	0	0	0	0	0	0	0	0	0	0	0	0	0	0	0	0	0	0	0	0	0	0	0	0	0	0	0	0	0	0	0	0	0	0	0	0	0	0	0	0	0	0	0	0	0	0	0	0	0	0	0	0	0	0	0	0	0	1	0	0	0	0	0	0	0	0	0	0	0	0	0	0	0	0	0	0	0	0	0	0	0	0	0	0	0	0	0	0	0	0	0	0
chr1_167083776_167084277	0.1325	0	0	0	0	0	0	0	0	0	0	0	0	0	0	0	0	0	0	0	0	0	0	0	0.997	0	0	0	0	0	0	0	0	0	0	0	0	0	0	0	0	0	0	0	0	0	0	0	0	0	0	0	0	0.581	0	0.4775	0	0	0	0	0	0	0	0	0	0	0	0	0	0.8705	0	0	0	0	0.997	0	0	0	0	0	0	0.982	0	0	0	0	0	0	0	0	0	0	0	0	0	0	0	0	0	0	0.911	0	0	0	0
chr1_167255109_167255610	0	0	0	0	0	0	0	0	0	0	0	0	0	0	0	0	0	0	0	0	0	0	0	0	0	0	0	0	0	0	0	0	0	0	0	0	0.6765	0	0	0	0	0	0	0	0	0	0	0	0	0	0	0	0	0.1565	0	0	0.419	0	0	0	0	0	0	0	0	0	0	0	0	0	0	0	0	0	0	0	0	0	0	0	0	0	0	0	0	0	0	0	0	0	0	0	0	0	0	0	0	0	0	0	0	0	0	0	0
chr1_170189349_170189850	0	0	0	0	0	0	0	0	0	0	0	0	0	0	0	0	0	0	0	0	0	0	0	0	0	0	0	0	0	0	0	0	0	0	0	0	0	0	0	0	0	0	0	0	0	0	0	0	0	0	0	0	0	0	0	0	0	0	0	0	0	0	0	0	0	0	0	0	0	0	0	0	0	0	0	0	0	0	0	0	0	0	0	0	0	0.92	0	0	0	0	0	0	0	0	0	0	0	0	0.1125	0	0	0	0	0	0
chr1_173502323_173502824	0	0	0	0	0	0	0	0	0.1695	0.174	0	0.826	0.685	0.509	0	0.3185	0.8895	0.6735	0.7245	0	0	0	0	0	0	0	0	0	0.4725	0.5845	0.6145	0	0	0.267	0.8225	0	0	0	0.2945	0.492	0	0	0	0	0	0	0	0	0	0	0	0	0	0.7735	0.672	0	0	0	0.4565	0	0	0	0.796	0	0	0.498	0	0	0	0	0	0	0	0	0	0	0.217	0	0	0	0	0	0	0	0.118	0	0	0.1985	0.736	0	0	0	0	0.2625	0	0	0	0	0	0.243	0	0.256	0	0	0
chr1_173501383_173501884	0	0	0	0	0	0	0	0	0	0	0	0	0	0	0	0	0	0	0	0	0	0	0	0	0	0	0	0	0	0	0	0	0	0	0	0	0	0	0.5885	0	0	0	0.334	0	0	0.1705	0	0.87	0	0	0	0	0	0.7285	0	0	0	0	0	0	0	0	0	0	0	0.312	0	0	0.4805	0	0	0	0	0	0	0	0	0	0	0	0	0	0	0	0	0	0	0.548	0	0	0	0.8755	0.9435	0	0	0.5615	0	0	0.808	0	0	0.69	0	0.7085	0
chr1_173500785_173501286	0	0	0	0	0.5605	0	0	0	0	0	0	0	0	0	0	0	0	0	0	0	0	0	0	0.906	0.959	0	1	0	0	0	0	0	0	0	0	0	0	0	0	0	0	0	0	0	0	0	0	0	0	0	0	0.9615	0	0	0	0	0	0	0	0	0	0	0	0	0	0	0	0	0	0	0	0	0	0	0	0	0	0	0	0	0	0	0	0	0	0	0	0	0	0	0	0	0.147	0	0.555	0	0	0	0	0	0	0	0	0	0
chr1_179100285_179100786	0	0	0	0	0	0	0	0	0	0	0	0	0	0	0	0	0	0	0	0	0	0	0	0	0	0	0	0	0	0	0	0	0	0	0	0	0	0.442	0	0	0	0	0	0	0	0.35	0	0.887	0	0	0	0	0	0	0	0	0	0	0	0	0	0.294	0	0	0	0.8345	0	0	0	0	0	0	0	0	0	0	0	0	0	0	0	0	0	0	0.325	0	0	0	0	0	0	0	0	0	0	0	0	0.621	0.402	0	0	0.5025	0	0	0
chr1_182221740_182222241	0	0.2115	0	0	0	0	0	0	0	0	0	0	0	0	0	0	0	0	0	0	0.813	0	0	0	0	0.723	0	0	0	0	0	0	0.4315	0	0	0	0	0	0.58	0.4275	0	0.568	0	0	0	0.5895	0	0	0.1455	0.138	0	0	0	0	0	0	0	0	0.565	0	0	0	0	0.5075	0.363	0.3275	0.421	0.2345	0.5315	0.5015	0	0.5445	0	0.7405	0	0	0	0.632	0.1975	0	0	0	0	0	0.3415	0.527	0.7255	0.87	0	0	0	0	0	0	0	0	0	0	0	0	0	0.444	0	0.167	0
chr1_182888054_182888555	0	0	0	0	0	0	0	0	0	0	0	0	0	0	0.239	0	0	0	0	0	0	0	0	0	0	0	0	0	0	0	0	0	0	0	0	0	0	0	0.197	0	0.997	0	0	0	0	0	0	0	0	0	0	0	0	0	0	0	0	0	0	0.405	0	0	0	0	0	0	0	0	0	0	0	0	0	0.2475	0	0	0	0.911	0.743	0	0	0	0	0	0	0.887	0	0	0	0	0	0	0	0	0	0	0.913	0	0	0	0	0.3705	0.9995	0	0
chr1_183049187_183049688	0	0	0	0	0	0	0	0	0.474	0.4505	0	0	0	0	0	0	0.843	0.2005	0	0	0	0.586	0	0	0	0	0	0	0	0	0	0	0	0	0	0	0	0	0	0	0	0	0	0	0	0	0	0	0	0	0	0	0	0.4465	0.178	0	0	0	0	0	0	0	0	0	0	0	0	0.7265	0	0	0	0	0	0	0	0	0	0	0	0	0	0	0	0	0	0.1745	0	0	0	0	0	0.521	0	0	0.3175	0	0.257	0	0.311	0	0	0	0	0	0
chr1_184209189_184209690	0	0	0	0	0	0	0	0	0	0	0	0	0	0	0	0	0	0	0	0	0	0	0	0	0.3205	0	0	0	0	0	0	0	0	0	0	0	0	0	0.8795	0	0	0	0	0	0	0	0	0	0	0	0	0	0	0	0	0	0	0	0	0	0	0	0	0	0	0	0	0	0	0	0	0	0	0	0	0	0	0	0.2425	0	0	0	0	0	0	0	0	0	0	0	0	0	0	0	0	0	0	0	0.7435	0.44	0	0	0	0	0
chr1_184240799_184241300	0	0.532	0.5425	0	0	0.6285	0	0	0.178	0.7605	0.602	0	0	0	0.6185	0	0	0	0	0	0	0	0	0	0.2225	0.2705	0.645	0	0	0	0	0	0	0	0	0	0	0	0.493	0.209	0.163	0	0	0	0	0	0.4505	0	0	0	0	0	0	0.2505	0.4195	0	0	0	0.618	0	0.6885	0	0.6895	0	0.233	0	0	0	0	0.16	0	0.4945	0	0	0	0	0	0.3065	0.438	0.309	0	0	0.302	0	0	0	0	0	0	0	0	0	0.3665	0	0	0.271	0.736	0	0	0	0	0.2705	0	0.498	0
chr1_198995613_198996114	0	0	0	0	0	0	0	0	0.3105	0	0	0	0	0	0	0	0.3695	0	0	0	0.5985	0	0	0	0	0	0	0	0	0	0	0	0	0	0	0	0	0	0.566	0	0	0	0	0	0	0	0	0.7345	0	0	0	0	0	0.386	0.2245	0	0	0.6885	0	0	0	0	0	0.779	0	0.4155	0	0.7435	0	0	0.7905	0	0	0	0.5915	0.1665	0	0	0.349	0	0	0	0	0	0	0	0	0	0	0	0	0	0	0	0	0.522	0	0	0	0	0	0	0	0	0
chr1_199069054_199069555	0	0	0	0	0	1	0	0	0	0	0	0	0	0	0	0	0.4885	0	0	0.7105	0.572	0	0	0	1	0	0	0	0	0	0	0	0	0	0	0	0	0.4555	0.205	0.618	0	0	0	0	0	0	0	0	0	0	0	0	0	0.9795	0	0	0	0	0	0	0	0	0	0	0	0	0	0	0	0	0	0.97	0	0	0	0	0	0	0.2345	0	0	0	0	0	0	0.9995	0	0	0	0	0	0	0	0	0	0.836	0.5265	0	0	0	0	0	0.53	0	0
chr1_199139032_199139533	0	0	0	0	0	0.999	0	0	0	0	0	0.3095	0.491	0	0	0	0	0	0	0	0	0.7655	0	0	0	0	0	0	0.999	0	1	1	0	0.742	0.963	0	0	0	0	0	0	0	0	0	0	0	0	0	0	0	0	0	0	0.9675	0	0	0	0	0	0.173	0	0	0	0	0	0	0	0	0	0	0.9965	0.4555	0	0	0	0	0	0	0	0	0	0	0	0	0.958	0.2475	0	0	0	0	0.926	0	0	0	0	0	0.7595	0	0.207	0	0	0.9195	0	0	0
chr1_199153664_199154165	0	0	0	0	0	0	0	0	0	0	0	0	0	0	0	0	0	0	0	0.8295	0	0	0	0	0	0	0	0	0	0	0	0	0	0	0	0	0	0	0	0	0	0	0	0	0	0	0	0	0	0	0	0	0	0.4975	0	0	0.9935	0	0	0	0	0	0	0	0	0	0	0	0	0	0	0	0	0	0	0	0	0	0	0	0	0	0	0	0	0.363	0.9985	0	0	0	0	0	0	0	0	0	0	0	0.963	0	0	0	0	0	0
chr1_199163005_199163506	0	0	0	0	0	0.95	0	0	0	0	0	0	0	0	0	0	0	0	0	0	0	0	0	0	0	0	0	0	0	0	0	0	0	0	0	0	0	0	0	0	0	0	0.999	0	0	0	0	0	0	0	0	0.9585	0.8355	0.7295	0	0	0	0	0	0	0	0	0	0	0	0	0	0	0	0.6695	0	0	0	0	0	0	0	0	0	0	0	0	0	0	0	0.8475	0	0	0	0	0	0	0	0	0	0	0	0	0	0	0	0	0	0.2595	0
chr1_199247540_199248041	0	0	0	0	0	0	0	0	0	0	0	0	0	0	0.453	0	0	0	0	0	0	0	0	0	0	0.3695	1	0	0	0	0	0	0.4935	0	0	0	0	0	0	0	0.2305	0	0	0	0	0.2375	0	0	0	0	0.4695	0	0	0	0.2525	0	0	0	0	0	0	0	0	0	0	0	0	1	0	0	0	0	0	0	0	0	0	0	0	0.9945	0	0	0	0	0	0	0	0	0	0	0.256	0	0	0	0	0	0	0	0.3435	0	0	1	0	0	0
chr1_201295392_201295893	0	0	0	0	0	0	0	0	0	0	0	0	0	0	0	0	0	0	0	0	0	0	0	0	0	0	0	0	0	0	0	0	0	0	0	0	0	0	0	0	0	0	0	0	0	0	0	0	0	0	0	0	0	0.515	0	0	0	0	0	0	0	0	0	0	0	0	0	0	0	0	0	0	0	0	0	0	0	0	0	0	0	0.573	0	0	0	0	0	0	0	0	0	0	0	0.4485	0	0	0	0	0.3305	0	0	0	0	0	0
chr1_207128603_207129104	0	0	0	0	0	0	0	0.846	0	0	0	0	0	0	0	0	0	0	0	0	0	0	0	0	0	0	0	0	0	0	0	0	0	0	0	0	0	0	0	0	0	0	1	0	0	0	0.2355	0	0	0	0	0	0	0.8495	0	0	0	0	0	0	0	0.615	0	0	0	0.603	0	0	0	0	0.588	0	0	0	0	0	0	0	0	0	0	0	0	0	0	0.8505	0	0	0	0	0	0	0	0.6025	0	0	0	0	0.413	0	0	0	0	0	0
chr1_207138937_207139438	0	0	0	0	0	0	0	0	0	0	0	0	0	0	0	0	0	0	0	0.8435	0	0	0	0.1345	1	0	0	0	0	0	0	0	0	0	0	0.1515	0	0	0	0	0	0	0	0	0	0	0	0	0.999	0.585	0.994	0	0.9855	0.986	0	0	0.5075	0	0	0	0	0	0	0	0	0	0	0	0	0	0	0	0	0	0	0	0	0	0	0	0	0	0	0	0	0.95	0	0	0	0	0	0	0.999	0	0	0	0.276	0	0	0	0	0	0	0	0
chr1_207208250_207208751	0	0	0	0	0	0	0	0	0	0	0.8265	0	0	0	0	0	0	0	0	0	0	0	0	0	0	0	0.3185	0.6545	0	0	0	0	0	0	0	0	0	0	0	0	0	0	0	0	0	0	0	0	0	0	0	0	0	0	0	0	0	0	0	0	0	0	0	0	0	0	0	0	0	0	0	0	0	0	0	0	0	0	0.6385	0	0	0	0	0	0	0	0.318	0	0	0	0	0	0	0	0	0	0	0	0.565	0	0	0	0	0	0
chr1_208891235_208891736	0	0	0	0	0	0	0	0	0.217	0.584	0	0	0.32	0.675	0	0.3245	0.583	0.2745	0	0	0	0	0	0	0	0	0	0.332	0	0	0	0	0	0	0	0	0	0	0	0	0.4345	0	0	0	0	0	0	0	0	0	0	0	0.7175	0	0.3475	0	0	0	0.508	0	0	0	0	0	0.388	0	0.5105	0	0	0.661	0	0	0	0	0	0.194	0	0	0	0	0	0	0	0	0	0.572	0	0	0	0	0	0	0	0	0	0	0	0	0	0	0	0	0	0	0
chr1_221839237_221839738	0	0	0	0	0	0	0	0.8395	0	0	0	0	0	0	0	0	0.2285	0	0	0	0	0	0	0.51	0	0	0	0	1	0	0	0	0	0	0	0.9995	0	0	0	0	0	0	0	0	0	0	0	0	0.9565	0.83	0	0	0	0.409	0.2955	0	0	0	0	0.7445	0	0	0.133	0	0	0	0	0	0	0	0	0	0	0	0	0	0	0	1	0	0	0	0	0	0.99	0.832	0	0	0	0	0	0	0	0.2715	0	0	0.121	0	0	0	0	0.572	0	0	0
chr10_5960262_5960763	0	0	0	0	0	0	0	0	0.892	0	0	0	0	0	0	0	0	0	0	0	0	0	0	0	0	0	0.369	0	0	0	0	0	0	0	0	0	0	0	0	0	0	0	0	0	0	0	0	0	0	0	0	0	0	0	0	0	0	0	0	0	0	0	0	0	0	0	0	0	0	0.6055	0	0	0	0	0	0	0	0	0	0	0	0	0	0	0	0	0	0	0	0	0	0	0	0	0	0	0	0	0	0	0	0	0	0	0
chr10_10316365_10316866	0	0	0	0	0	0.645	0	0	0.287	0.5395	0	0.1925	0.5115	0.5175	0	0.6375	0.158	0.181	0.478	0	0.189	0	0	0	0	0	0	0	0.538	0.242	0.62	0.4325	0.571	0.636	0.4205	0	0	0	0.1715	0.246	0.8535	0	0	0	0	0.761	0	0	0	0	0	0	0.769	0	0.352	0	0	0	0.405	0	0.337	0.615	0.733	0	0	0	0.782	0.652	0	0	0	0.5135	0	0	0	0	0.2305	0	0.5225	0.779	0	0	0	0.3615	0	0	0	0.168	0	0	0.2415	0	0	0	0	0	0	0	0	0	0	0.708	0	0	0.1795
chr10_11160517_11161018	0	0	0	0	0	0	0	0	0	0	0	0	0	0	0	0	0	0	0	0	0	0	0	0	0	0	0	0	0	0.459	0	0	0	0	0	0	0	0	0	0	0	0	0	0	0	0	0	0	0	0	0	0	0	0	0	0	0	0	0.583	0	0	0	0	0	0	0	0	0.449	0	0	0.6725	0	0	0	0	0	0.189	0	0	0	0	0	0	0	0.4395	0	0	0	0	0	0	0	0	0	0	0	0	0	0	0	0	0.205	0	0	0
chr10_11232885_11233386	0	0	0	0	0	0	0	0	0	0	0	0	0	0	0	0	0	0	0	0	0	0	0	0	0	0	0	0	0	0	0	0	0	0	0	0	0	0	0	0	0	0	0	0	0	0	0	0	0	0	0	0	0	0	0	0	0	0	0	0	0	0	0	0	0	0	0	0	0.707	0	0	0	0	0	0	0	0	0	0	0	0	0	0	0	0	0	0.914	0	0	0	0	0	0	0	0	0	0	0	0	0	0	0.9525	0	0	0
chr10_14781094_14781595	0	0	0	0	0	0	0	0	0	0	0	0	0	0	0	0	0	0	0	0	0	0	0	0	0	0	0	0	0	0	0	0	0	0	0	0	0	0	0	0	0	0	0	0	0	0	0	0	0	0	0	0	0	0	0	0	0	0	0	0.17	0	0	0	0	0	0	0	0	0	0.309	0	0	0	0	0	0	0	0	0	0	0	0	0	0	0	0.4185	0	0	0	0	0	0	0	0.192	0	0	0	0	0	0	0	0	0	0	0
chr10_18791599_18792100	0	0	0	0	0	0	0	0	0	0	0	0	0	0	0.1265	0	0	0	0	0	0	0.505	0	0	0	0.6375	0	0	0	0	0	0	0	0	0	0	0	0	0.447	0	0	0	0	0	0	0	0	0.2855	0	0	0	0	0	0.3185	0.1885	0	0	0	0	0	0	0	0	0	0	0.4105	0	0	0	0	0	0	0	0	0	0	0	0	0	0.124	0.9165	0	0	0	0	0	0	0	0	0	0	0	0	0	0	0	0	0	0.1515	0	0	0	0	0	0
chr10_20714176_20714677	0	0	0	0	0	0	0	0	0	0	0.429	0	0	0	0	0	0.3585	0	0	0	0.3255	0.1215	0	0	0	0	0	0	0	0	0	0	0.171	0	0	0	0	0.229	0.8655	0.6765	0	0	0	0	0	0.852	0.3585	0.159	0	0	0	0	0	0.643	0.414	0	0	0	0.294	0	0	0	0.5265	0.3765	0	0	0.2915	0	0.22	0.392	0	0	0	0	0	0	0.9395	0	0.456	0	0	0	0	0	0.721	0.1515	0	0.22	0	0	0.2095	0	0	0	0	0	0.611	0	0	0	0	0.776	0.153	0.626	0
chr10_31647690_31648191	0	0	0	0	0	0	0	0	0	0	0	0	0	0	0	0	0	0	0	0	0	0	0	0	0	0	0.218	0.6115	0	0	0	0	0	0	0	0	0	0	0	0	0.713	0	0	0	0	0	0	0.1455	0	0	0	0	0	0.462	0	0	0	0	0.805	0	0	0	0	0	0	0	0	0	0	0	0.724	0	0	0	0	0	0	0	0	0	0	0	0	0	0	0	0	0	0	0	0.649	0	0	0	0	0	0	0	0	0	0	0	0	0	0
chr10_31688074_31688575	0	0	0	0	0	0	0	0	0	0	0	0	0	0	0	0	0	0	0	0	0	0	0	0	0	0	0	0	0	0	0	0	0	0	0	0	0	0	0	0	0	0	0	0	0	0	0	0	0	0.353	0	0	0	0	0	0.351	0	0	0	0	0	0	0	0	0	0	0	0	0	0	0	0	0	0	0	0	0	0	0	0	0	0	0	0	0	0	0	1	0	0	0	0	0	0	0	0.77	0	0	0	0	0	0	0	0	0
chr10_43124904_43125405	0	0	0	0	0.3135	0	0	0	0	0	0	0	0	0	0	0	0	0	0	0	0	0	0	0	0	0.3385	0.4105	0	0	0	0	0	0	0	0	0.744	0	0	0	0	0	0	0	0	0.131	0	0	0	0	0	0	0.3775	0	0.7575	0	0	0	0	0	0	0	0	0	0	0	0	0	0	0	0	0	0	0	0	0	0	0	0	0	0	0	0	0	0	0	0.2885	0	0	0	0	0	0	0	0	0	0.857	0	0	0	0	0	0	0.6545	0	0
chr10_45748234_45748735	0	0	0	0	0.634	0	0	0	0	0	0	0	0	0	0.284	0	0	0	0	0	0	0	0	0.6815	0	0	0.3845	0	0	0	0	0	0	0	0	0	0	0	0	0	0	0	0	0	0	0	0	0	0	0	0	0	0	0	0	0	0	0	0	0	0	0	0	0	0	0	0	0	0	0	0	0	0	0	0	0	0	0	0	0	0	0	0	0	0	0.256	0	0	0	0	0	0	0.2875	0.4205	0	0	0	0	0	0	0	0	0.4435	0	0
chr10_64569224_64569725	0	0	0	0	0	0	0	0	0	0	0	0	0	0	0	0	0	0	0	0	0	0.662	0	0	0	0	0.544	0	0	0	0	0	0	0	0	0	0	0	0	0	0	0	0	0	0	0	0	0	0	0	0	0	0	0.884	0	0	0	0	0	0	0	0	0	0	0	0	0	0	0	0	0	0	0	0	0	0	0	0	0	0	0	0	0	0	0	0.409	0	0	0	0	0	0	0	0	0	0.4035	0.648	0	0.996	0	0	0	0	0	0
chr10_70079839_70080340	0	0.689	0.412	0	0	0	0	0	0.345	0.736	0	0	0.5005	0	0	0.309	0.604	0.8155	0.448	0	0	0	0	0	0	0	0	0	0.808	0	0.4035	0	0	0.686	0.7445	0	0	0	0.6345	0.6585	0	0.3785	0.157	0.4505	0	0	0	0	0.3825	0.2305	0	0	0	0.3775	0.5475	0	0	0	0.696	0	0	0	0.347	0	0	0	0	0.8225	0	0.506	0	0	0	0	0	0	0	0	0.4715	0	0	0	0	0.376	0.339	0.255	0	0	0	0	0	0	0	0	0	0.226	0.339	0	0	0	0	0.1945	0	0.2185	0.7335
chr10_70203315_70203816	0	0.2295	0	0	0	0	0	0	0	0.9955	1	0	0	0	0	0	0	0	0	0	0	0	0	0	0	0	0.944	0	0	0	0	0	0	0	0	0	0.867	0.9805	0.373	0	0.8755	0	0.997	0	0	0.958	0.952	0	0	0	0	0	0	0.9955	0.741	0	0	0	0.1655	0	0	0	0	0	0	0.2135	0.9725	0.27	0.669	1	0	0	0	1	0	0	0.442	0	0	0	0	0	0	0	0	0	0.502	0.9995	0.861	0	0.9075	0	0	0	0	0.9715	0.827	0	0.993	0.9915	0	0.95	0	0	0
chr10_76416345_76416846	0.155	0	0	0	0	0.939	0	0	0	0	0	0	0	0	0	0	0	0	0	0	0	0	0	0.9985	0	0	0	0	0	0	0	0	0	0	0	0.8305	0	0	0.208	0	0.5965	0	0	0	0.5505	0	0	0	0	0	0	0	0	0.786	0	0	0.735	0	0	0	0	0	0	0	0.8965	0	0	0	0	0	0	0.4	0.304	0	0	0	0	0.468	0	0	0	0	0	0	0	0	0	0	0	0.214	0	0	0	0.238	0	0	0	0	0	0	0	0	0	0	0
chr10_76668774_76669275	0	0	0	0	0	0	0	0	0	0	0	0	0	0	0.302	0	0	0	0	0	0	0	0	0	0	0	0	0	0	0	0	0	0	0	0	0	0	0	0	0	0	0	0	0	0	0	0	0	0.14	0	0	0	0	0.9775	0.9735	0	0	0.9585	0	0	0	0	0	0	0	0	0	0	0.8085	0	0	0	0	0	0	0	0	0	0	0	0	0	0	0	0	0.55	0	0	0	0	0	0.999	0	0	0	0	0	0	0	0	0	0	0	0	0.649
chr10_80966556_80967057	0.9745	0	0	0	0	0	0	0	0	0	0	0	0	0	0.2045	0	0	0	0	0	0	0	0	0	0	0	1	0.9965	0	0	0	0	0	0	0	0	0	0	0.1675	0	0.6295	0	0	0	0	0.2535	0	0	0	0	0	0	0.9995	0	0	0.296	0	0.6895	0	0.9865	0	0	0	0	0	0	0	0	0.8235	0	0	0	0	0	0.1995	0	0	0	0.116	0	0	0	0	1	0	0	0	0	0	0	0	0	0	0	0	0	0.1845	0	0	0	0	0.138	0	0	0
chr10_81133391_81133892	0	0	0	0	0	0.7415	0	0	0	0	0	0	0	0	0.285	0	0	0	0	0	0	0	0.242	0	0	0	0.354	0	0	0	0	0	0.2455	0	0	0	0	0.638	0	0.441	0	0	0	0	0	0	0	0	0	0	0	0.605	0	0	0	0	0	0	0	0	0.9615	0	0	0	0	0	0	0	0	0	0	0	0	0	0	0	0	0.1625	0.6375	0	0	0	0	0	0	0	0	0	0	0	0	0	0	0	0	0	0	0	0	0	0	0.1945	0	0	0
chr10_85135564_85136065	0	0	0.67	0	0	0	0	0	0	0	0	0	0	0	0	0	0	0	0	0	0.553	0.88	0	0	0	0.3065	0.552	0.2825	0	0	0	0	0	0	0	0	0	0	0.136	0	0.572	0.4225	0	0	0	0	0	0	0	0	0	0	0	0	0	0	0	0	0	0	0	0	0	0	0	0	0	0	0	0	0	0	0	0	0.2355	0	0	0.229	0.311	0	0	0	0	0	0	0.703	0	0	0	0	0.173	0	0	0	0.1465	0	0	0	0	0	0	0	0	0	0
chr10_94889290_94889791	0	0	0	0	0	0	0	0	0	0	0	0	0	0	0	0	0	0	0	0	0	0	0	0	0	0	0	0	0	0	0	0	0	0	0	0	0	0	0.7185	0	0.989	0	0	0	0	0	0	0	0	0	0	0	0	0.85	0	0	0	0	0	0	0	0	0	0	0	0	0	0	0	0	1	0	0	0	0	0	0	0	0.6105	0	0.991	0	0	0	0	0	0	0	0	0	0	0	0	0	0	0.3135	0.997	0.9885	0	0.814	0	0	0	0	0
chr10_98742059_98742560	0	0	0	0	0	0	0	0	0	0	0	0	0	0	0.4805	0	0	0	0	0	0	0	0	0	0	0	0.7255	0.8775	0	0	0	0	0	0	0	0	0	0	0.593	0	0	0	0	0	0	0.411	0	0	0	0	0	0	0	0	0	0	0	0	0	0	0.9875	0	0	0.591	0	0	0	0	0.4175	0.468	0	0.8525	0	0	0	0	0	0.662	0.4195	0.3185	0	0	0	0	0	0	0	0	0.8495	0	0	0	0	0	0	0.8945	0.276	0	0	0.3005	0	0.451	0	0	0
chr10_98908661_98909162	0	0	0	0	0	0	0.8905	0	0.192	0.988	0	0.4165	0.947	0.5885	0.37	0	0.9995	1	0.9375	0	0.299	0	0	0	0	0	1	0	1	0.995	0.2425	0	0.9975	0.836	0.446	0	0	0.552	0.163	1	0	0	0	0	0	0	0	1	0.9685	0.2835	0	0	0	0	0.8195	0	0	0	0	0	0	0	0	0	0	0	0	0.4605	0	1	0	0	0	0	0	0	1	0	0.3905	0	0	0	0	0	0	0	0	0	0	0	0.887	0	0	0	0	0	0	0	0.9565	0	0	0	0	0	0
chr10_99261106_99261607	0	0	0	0	0	0	0	0	0	0	0	0	0	0	0	0	0	0	0	0.674	0	0	0	0.993	0	0	0	0	0	0	0	0	0	0	0	0	0	0	0	0	0	0	0	0	0.216	0	0.821	0	0	0	0.6385	0	0	0	0	0.743	0	0	0	0	0	0	0	0	0	0	0	0	0	0	0	0	0	0	0	0	0	0	0	0	0	0.2495	0	0	0.9825	0.9185	0	0	0	0	0	0	0	0	0	0.141	0.852	0	0.7965	0	0	0	0	0	0
chr10_99277971_99278472	0	0.194	0.611	0.997	0	0	0	0	0	0.8495	1	0	0	0	0	0	0	0	0	0	0	0	0	0	0	0	0.975	0	0	0	0	0	0.716	0	0	0	0	0	0.152	0.133	0.777	0.995	0.1465	0	0	0.468	0.9605	0	0.416	0	0	0	0	0	0.954	0	0	0	0	0	0	0.8505	0	0.2775	0	0.1845	0.864	0.538	0.9995	1	0	0	0	0	0	0	0	0.846	0.283	0	0	0	0	0.281	0.6515	0	0.9915	0.999	0	0	0	0.1575	0	0	0	0.7965	0	0	0	0	0	0.3245	0	0.709	0
chr10_99313069_99313570	0	0	0	0	0.4785	0	0	0	0	0.3815	0	0	0	0	0	0	0	0	0.7775	0	0.18	0	0.9545	0	0.902	0	0	0	0	0	0	0	0	0	0	0	0.806	0	0	0	0	0	0	0	0	0.9975	0	0	0	0	0	0.9985	0	0.959	0.9515	0	0	0	0.2975	0	0	0	0	0.266	0.9645	0	0	0	0	0.1485	0	0	0	0	0.331	0	0	0	0.824	0	0	0.6305	0	0.5415	0	0.7955	0.7235	0	0.9855	0	0	0	0	0	0	0.988	0	0.3395	0.1935	0	0	0.6835	0.1675	0	0
chr11_6579056_6579557	0	0	0	0	0	0	0	0	0	0	0	0	0	0	0	0	0	0	0	0	0	0	0	0	0	0	0	0	0	0	0	0	0	0	0	0	0	0	0	0	0	0	0	0	0	0	0	0	0	0	0	0	0	0.954	0	0	0	0	0	0	0	0	0	0	0	0	0	0	0	0	0	0	0	0	0	0	0	0	0	0	0	0	0	0	0	0	0	0	0	0	0	0	0	0	0	0	0	0	0	0	0	0	0.423	0	0
chr11_27423051_27423552	0	0	0	0	0	0	0	0	0	0	0	0	0	0	0	0	0	0	0	0	0	0	0	0	0	0	0	0	0	0	0	0	0	0	0	0	0	0	0	0	0	0	0	0	0	0	0	0	0	0	0	0	0	0	0	0	0	0	0	0	0	0	0	0	0	0	0	0	0	0	0	0	0	0	0	0	0	0	0	0	0	0	0	0	0	0	0	0	0	0	0	0	0	0	0	0	0	0	1	0	0	0	0	0	0
chr11_43903947_43904448	0	0	0	0	0	0	0	0	0	0	0	0	0	0	0	0	0	0	0	0.6675	0	0	0	0	0	0	0	0	0	0	0	0	0	0	0	0	0	0	0	0	0	0	0	0	0	0	0	0	0	0	0	0	0	0.9345	0	0	0	0	0	0	0	0	0	0	0	0	0	0	0	0	0	0	0	0	0	0	0	0	0	0	0	0	0	0	0	0.6245	0	0	0	0	0	0	0	0	0.259	0	0	0	0.9	0	0	0	0	0	0
chr11_47201282_47201783	0	0	0	0	0	0	0	0	0	0	0	0	0	0	0	0	0	0	0	0	0	0	0	0	0	0	0	0	0	0	0	0	0	0	0	0	0	0	0	0	0	0	0	0	0	0	0	0	0	0	0	0	0	0.9195	0	0	0	0	0	0	0	0	0	0	0	0	0	0	0	0	0	0	0	0	0	0	0	0	0.156	0	0	0	0	0	0	0	0	0	0	0	0	0	0	0	0.1195	0	0	0	0	0	0	0	0	0	0
chr11_47309882_47310383	0	1	0.8295	0	0	0	0	0	0.368	0.999	0	1	0.995	0.3805	0	0	0	0	0.9975	0	0	0	0	0	0.999	0	0	0	1	0	0.992	0	0.8995	0.7255	0.9885	0	0	0	0	0	0	0	0	0	0	0	0	0.1325	0	0	0	0	0	0.993	0.99	0	0	0	0	0	0	0.9945	0	0	0	0	0	0	0	0	0	0	0	0	0	0	0	0	0	0	0	0.346	0	0	0	0.996	0.1565	0	0	0	0.96	0	0	0	0	0.983	0	0	0.3255	0	0	0.939	0	0	0
chr11_55394807_55395308	0	0	0	0	0	0	0	0	0	0	0	0	0	0	0	0	0	0	0	0	0.7495	0	0.374	0	0	0.2655	0	0	0	0	0	0	0	0	0	0	0	0	0.521	0	0.3365	0	0	0	0	0	0	0	0	0	0	0	0	0	0	0	0	0	0	0	0.6695	0	0	0	0.6025	0	0	0.791	0	0.377	0	0.7415	0	0	0	0	0	0.587	0.1735	0	0	0	0	0	0.7945	0	0	0	0	0	0.332	0	0	0.8015	0	0	0.1385	0	0	0.6235	0	0	0	0	0
chr11_56171207_56171708	0	0	0	0	0	0	0	0	0	0	0	0	0	0	0	0	0	0	0	0	0	0	0	0	0	0	0	0	0	0	0	0	0	0	0	0	0	0	0	0	0	0	0	0	0	0	0	0.8385	0	0	0	0	0	0.4305	0	0	0	0	0	0	0	0	0	0.185	0	0	0	0	0	0	0.4025	0	0	0	0	0	0	0	0	0	0	0	0	0	0	0.3775	0	0	0	0	0	0	0	0	0	0	0	0	0	0	0	0	0	0	0
chr11_56808793_56809294	0.3	0	0	0.951	0	0.253	0.6905	0	0	0	0	0	0	0	0.6	0	0	0	0	0	0	0.282	0	0	0	0	0.8795	0.9615	0	0	0	0	0	0	0	0.3795	0.8835	0	0.375	0	0.248	0	0	0	0	0	0.3725	0	0	0	0	0	0.143	0.3285	0.5255	0	0	0	0.3065	0	0	0	0.8955	0.338	0.1275	0	0	0.3315	0	0.8665	0	0	0	0	0.8125	0	0	0	0.1895	0.5805	0	0	0	0	0	0	0	0.9175	0.161	0	0	0	0	0	0.98	0	0.7835	0	0	0	0.394	0.7935	0.64	0	0
chr11_99664455_99664956	0	0	0	0	0	0	0.9905	0	0	0	0	0	0	0	0	0	0	0	0	0	0	0	0	0	0	0	0	0	0	0	0	0	0	0	0	0	0	0	0	0	0	0	0	0	0	0	0	0	0	0	0	0	0	0.7535	0	0.2345	0	0	0	0	0	0	0	0	0.7365	0	0	0	0.7285	0	0	0	0	0	0	0	0	0	0	0	0	0	0	0	0	0.6395	0	0	0	0	0	0	0	0	0	0	0	0	0	0	0	0	0	0	0
chr11_105057206_105057707	0.5105	0	0	0	0	0	0	0	0.5975	0.431	0	0.459	0.686	0.371	0	0.7025	0.5285	0.6745	0.6095	0	0.4925	0.804	0	0.4235	0	0	0.732	0.3105	0.543	0	0.506	0	0.1505	0.442	0.6125	0.3025	0	0	0.5255	0.3	0.661	0	0	0	0	0	0	0	0	0	0	0	0	0	0.7445	0	0	0	0.2635	0	0.1295	0.8035	0	0.669	0.6745	0.486	0.691	0.367	0	0.5275	0	0	0	0	0	0	0	0.4095	0.4715	0	0.509	0	0	0.52	0	0.458	0	0	0	0	0	0.696	0.8595	0	0	0.5745	0	0	0.3515	0	0	0.4055	0.7405	0.5	0.879
chr11_111426980_111427481	0	0	0	0	0	0	0	0	0	0	0	0	0.784	0.718	0.1275	0	0.844	0	0	0	0	0	0.768	0	0	0	0.798	0	0.3835	0.37	0.57	0	0	0	0	0	0	0	0.1435	0	0	0	0	0	0	0	0	0	0	0	0	0	0	0	0	0	0	0	0	0	0	0	0	0	0.76	0.1445	0	0	0	0.242	0	0	0	0	0	0	0	0.605	0	0	0	0	0	0	0	0.7715	0.247	0	0	0	0	0	0	0	0	0	0	0	0.5645	0	0	0	0	0.166	0
chr11_116043453_116043954	0.9055	0	0	0	0	0	0	0	0	0	0	0	0	0	0	0	0	0	0	0	0	0	0	0	0	0	0	0	0	0	0	0	0	0	0	0	0.5395	0	0.4455	0	0	0	0	0	0	0	0	0	0	0	0	0	0	0.142	0	0	0	0	0	0	0	0	0.803	0	0	0	0	0	0	0	0	0	0	0	0	0	0	0	0.501	0.3085	0	0	0	0	0	0.946	0	0	0	0	0	0	0	0	0	0	0	0	0	0	0.2225	0	0	0	0
chr11_116336563_116337064	0	0	0	0	0	0.963	0	0	0	0	0	0	0	0	0	0	0	0	0	0	0	0	0	0	0	0	0	0	0	0	0	0	0	0	0	0	0	0	0.9185	0	0.336	0	0	0	0	0	0	0	0	0	0	0	0	0.4235	0	0	0	0	0.752	0	0	0	0	0	0	0	0	0	0	0.951	0	0	0	0	0.5345	0	0	0.571	0.2725	0	0.703	0	0.152	0.722	0	0	0	0	0	0	0	0	0	0	0	0	0.1705	0	0	0	0	0	0	0	0
chr11_116392926_116393427	0	0	0	0	0	0	0.346	0	0	0	0	0	0	0	0	0	0	0	0	0	0	0	0	0.352	0	0	0	0	0	0	0	0	0	0	0	0	0.659	0	0	0	0	0	0	0	0	0.991	0	0	0	0	0	0	0	0.4005	0	0	0	0	0	0.4325	0	0	0	0	0	0	0	0	0	0	0.124	0	0	0	0	0	0	0	0	0	0	0	0	0	0	0.1985	0	0	0	0	0	0	0	0	0.8235	0	0	0	0	0	0	0.908	0	0	0
chr12_2624565_2625066	0	0	0	0.604	0	0	0	0	0	0	0	0	0	0	0	0	0	0	0	0	0	0	0	0.334	0	0	0	0	0	0	0	0	0	0	0	0.1295	0.559	0	0	0	0	0	0	0	0	0.401	0	0	0	0	0	0	0	0	0	0	0	0	0	0.743	0	0	0	0	0	0	0	0	0	0	0	0	0	0	0	0	0	0	0	0	0	0	0	0	0	0	0	1	0	0	0	0	0	0.454	0.2905	0	0	0	0	0	0	0.5765	0	0	0
chr12_10928340_10928841	0	0.9215	0.7665	0	0	0	0	0	0	0	0	0	0	0	0	0	0	0	0	0	0	0	0	0.791	0	0	0	0	0	0	0	0	0	0	0	0	0	0	0	0	0	0	0	0	0	0	0	0	0	0	0	0	0	0	0	0	0.687	0	0	0	0	0	0	0	0	0	0	0	0	0	0	0	0.221	0	0	0	0	0	0	0	0	0	0	0	0	0.765	0	0	0	0.4115	0	0	0	0	0	0	0	0	0	0	0	0	0	0	0
chr12_11093767_11094268	0	0	0	0	0	0	0	0	0.5075	0	0	0	0.5665	0	0	0	0	0	0	0	0	0	0	0	0	0	0	0	0	0	0	0	0.32	0	0	0	0	0	0	0.647	0	0	0	0	0	0	0	0	0	0	0	0	0	0.3485	0	0	0	0	0.245	0	0	0	0	0.203	0	0	0	0	0.1785	0.5095	0	0	0	0.4935	0	0	0.761	0	0	0	0	0	0	0	0.534	0	0	0	0	0	0	0	0	0	0	0.5365	0.5695	0	0	0	0	0.5755	0	0	0
chr12_45804418_45804919	0	0	0	0	0	0	0	0	0	0	0	0	0	0	0.1745	0	0	0	0	0	0	0	0	0	0	0	0	0	0	0	0	0	0	0	0	0	0.17	0.9795	0	0	0	0	0	0	0	0	0	0	0	0	0	0	0	0	0	0	0	0	0	0	0	0	0	0	0	0	0	0	0	0	0	0	0	0	0	0	0	0.18	0.775	0	0	0	0.792	0	0	0.18	0	0	0	0	0	0	0	0.9855	0	0	0	0	0	0	0	0	0	0	0
chr12_45849353_45849854	0	0	0	0	0	0	0	0	0	0	0	0	0	0	0	0	0	0	0	0	0	0	0	0	0	0	0	0	0	0	0	0	0	0	0	0	0	0	0	0	0	0	0	0	0	0	0	0	0	0	0	0	0	0.959	0	0	0	0	0	0.159	0	0	0	0	0	0	0	0	0	0	1	0	0	0.4435	0	0	0	0	0	0	0	0	0	0	0	0.9015	0	0	0	0	0	0	0	0	0.9785	0	0	0	0	0	0	0	0	0	0
chr12_61748444_61748945	0	0	0	0	0	0	0	0	0	0	0	0	0	0	0.127	0	0	0	0	0	0.7965	0	0	0	0	0	0.404	0	0	0	0	0	0	0	0	0.6915	0	0	0.1875	0	0.9105	0	0	0	0	0	0	0	0	0	0	0	0.9965	0	0.913	0	0.1205	0	0	0.9935	0	0	0	0	0	0	0	0	0	0	0	0	0	0	0	0	0	0	0	0	0	0	0	0	0	0.741	0	0	0	0	0	0	0	0.1685	0	0	0	0	0	0	0	0	0	0	0
chr12_61763283_61763784	0.684	0	0	0.778	0	0	0	0	0.3095	0	0	0	0	0	0	0	0	0	0	0	0	0	0.225	0	0	0	0	0	0	0	0	0.3475	0.2055	0	0	0	0	0	0.398	0	0	0	0.3535	0	0	0	0.8955	0	0.974	0.5395	0	0	0	0	0.6915	0	0	0	0	0	0.895	0	0	0	0	0.7235	0	0.5335	0	0.6905	0	0	0	0	0	0	0.461	0.4405	0	0	0	0	0	0.2155	0	0	0	0.9255	0	0	0	0.4635	0	0	0.22	0	0	0	0	0	0.1485	0.1695	0	0	0
chr12_73798945_73799446	0	0	0	0.4215	0.653	0	0	0	0	0.524	0	0	0	0	0	0	0.2445	0	0	0	0.697	0	0	0	0.4145	0	0	0	0	0	0	0	0.14	0	0	0	0	0	0.263	0.137	0.4635	0	0.2335	0	0	0.6595	0	0	0.246	0	0	0	0.2505	0	0.5015	0	0	0	0.245	0	0	0.4475	0.228	0	0	0	0.68	0	0	0.5445	0	0	0	0.2285	0	0	0	0	0.4715	0.822	0	0	0	0.718	0.4645	0	0.159	0.5605	0	0	0.53	0	0	0	0	0.7455	0.2845	0	0.3655	0	0	0.1875	0	0.325	0.224
chr12_82797214_82797715	0	0	0	0	0	0	0	0	0	0	0	0	0	0	0	0.522	0	0	0	0	0	0	0	0	0	0	0	0	0	0	0	0	0	0	0	0	0	0	0	0	0	0	0	0	0	0	0	0	0	0	0.225	0	0	0	0	0	0	0	0	0	0	0	0	0	0	0	0	0	0	0	1	0	0	0	0.996	0	0	0	0	0	0	0	0	0	0	0	0	0.1245	0	0	0	0	0	0	0	0.98	0	0	0	0	0	0	0	0	0
chr12_83306145_83306646	0	0	0	0	0	0	0	0	0	0	0	0	0	0	0	0	0	0	0	0	0	0	0	0	0	0	0	0	0	0	0	0	0	0	0	0	0	0	0	0	0	0	0.117	0	0	0	0	0	0	0	0	0	0	0	0.4595	0	0	0	0	0	0	0	0	0	0	0	0	0.3985	0	0.9995	0	0	0	0	0	0	0	0	0	0	0	0	0	0	0	0.249	0	0	0.6	0	0	0	0	0	0	0	0	0	0	0	0	0.2785	0.154	0	0
chr12_84534593_84535094	0	0	0	0	0	0	0	0	0	0	0	0	0	0	0	0	0	0	0	0	0	0	0	0	0	0	0	0	0	0	0	0	0	0	0	0	0	0	0	0	0	0	0	0	0	0	0	0	0	0	0.383	0	0	0.9145	0	0.945	0	0	0.193	0	0	0	0	0	0	0	0	0	0	0	0	0	0	0	0	0	0	0	0	0	0	0	0	0	0	0	0	0.5825	0	0	0.563	0	0	0	0	0.68	0	0	0	0	0	0.2615	0	0	0
chr12_90833550_90834051	0	0	0	0	0	0	0	0	0	0	0	0	0	0	0.876	0	0	0	0	0	0.296	0	0	0	0	0	0	0	0	0	0	0	0	0	0	0	0	0	0.685	0	0	0	0	0	0	0	0	0	0	0	0	0	0	0	0	0	0	0	0.713	0.181	0	0	0.654	0	0.779	0	0	0	0	0	0	0	0	0.6645	0	0	0	0	0	0	0	0	0	0	0	0	0	0	0.6555	0	0	0	0	0	0	0	0	0	0	0	0	1	0	0	0
chr12_90935064_90935565	0	0	0	0	0	0	0	0	0.273	0.7275	0	0.1965	0.2025	0.3895	0	0.585	0.201	0.308	0.257	0	0	0	0	0	0	0	0	0	0	0	0	0	0.712	0.579	0	0	0	0	0.767	0.844	0.323	0	0	0	0	0.657	0	0	0.593	0	0	0	0	0	0.573	0	0	0.189	0.2415	0	0.374	0.4535	0.1825	0.2075	0	0	0.3765	0.465	0.3685	0.493	0	0	0	0.817	0	0	0.622	0	0.6705	0	0	0	0	0.2445	0.4125	0	0.2015	0.6485	0.47	0	0.2275	0	0	0	0	0.787	0.4765	0	0	0	0	0.522	0	0.3305	0
chr12_93090337_93090838	0	0	0	0	0	0	0	0	0	0	0	0	0	0	0	0	0	0	0.8475	0	0	0	0	0	0	0	0	0	0	0	0	0	0	0	0	0	0	0	0.948	0	0	0	0	0	0	0.794	0.469	0	0	0	0	0	0	0	0.1415	0	0	0	0	0	0	0	0	0	0	0	0.405	0.853	0.3025	0	0.376	0	0	0.4855	0	0	0	0	0.465	0	0	0	0	0	0.404	0	0.4325	0.5095	0.786	0	0	0	0	0	0	0.5405	0	0	0	0	0	0.325	0	0	0.373
chr12_93093839_93094340	0	0	0	0	0	0.216	0.181	0	0.9815	0	0.9795	0	0	0	0.792	0	0	0	0	0	0.9815	0	0.148	0	0	0	0.9875	0	0	0	0	0	0.5385	0	0	0	0	0	0.132	0	0.1825	1	0	0	0	0.585	0	0	0	0.186	0	0	0.951	0.7135	0.887	0	0	0	0	0.237	0.281	0	0.9975	0	0	0	0	0.9995	0	0.135	0.823	0.4155	0	0	0.768	0	0	0.535	0.866	0.745	0	0	0.634	0.681	0	0	0	0	0.7925	0	0.66	0	0	0	0	0	0	0	0.9945	0	0	0.391	0	0	0
chr12_93130025_93130526	0	0	0	0	0	0	0	0	0	0	0	0	0	0	0	0	0.283	0	0	0	0	0	0.478	0	0.134	0	0	0	0	0	0	0	0	0	0	0	0	0	0	0	0	0	0	0	0	0	0	0	0	0	0	0	0	0.5015	0	0	0	0	0	0	0	0	0	0	0	0	0	0	0	0.8335	0.472	0.4975	0	0	0.603	0	0	0	0.9675	0.1895	0	0	0	0	0	0.749	0	0	0.756	0	0	0	0	0	0	0	0	0	0	0.969	0	0	0	0	0
chr12_96758336_96758837	0.498	0.2375	0.458	0.1385	0.6245	0	0	0	0.9625	0.8605	0.8125	0	0.138	0	0	0.3075	0.477	0.1945	0	0	0.1245	0	0	0.3235	0.226	0	0	0	0	0.193	0	0	0	0	0	0	0	0	0.3305	0.9325	0.4315	0.6505	0	0	0	0.2065	0	0	0	0	0	0	0.4415	0.282	0.1255	0	0	0	0.7725	0	0	0	0.7075	0.6185	0.193	0	0.2905	0.666	0.196	0.8275	0	0	0	0	0	0	0.6385	0	0.5565	0.9325	0	0.3	0.4715	0	0.55	0	0.894	0.221	0	0	0	0	0.4025	0	0	0.455	0.296	0	0.8325	0.661	0.1805	0.7945	0	0	0
chr12_100636467_100636968	0	0	0	0	0	0	0	0.644	0	0	0	0	0	0	0	0	0	0	0	0	0	0	0	0	0	0	0	0	0	0	0	0	0	0	0	0	0	0	0	0	0	0	0	0.25	0	0	0	0	0	0	0	0	0	0	0	0	0	0	0.198	0	0	0	0	0.368	0	0	0.3945	0.3485	0	0	0	0	0	0	0	0	0	0	0	0	0	0	0	0	0	0	0.6495	0.2175	0	0	0	0	0	0	0	0	0	0	0.663	0	0	0.177	0	0	0
chr12_110164824_110165325	0	0	0	0	0	0.276	0	0	0	0	0	0	0	0	0	0	0	0	0	0	0	0	0	0.6495	0	0	0	0	0	0	0	0	0	0	0	0.577	0.703	0.647	0	0	0	0	0	0	0.7705	0	0	0	0	0	0.4155	0	0	0	0	0	0.2585	0	0.246	0.2315	0	0	0	0	0	0	0	0	0	0	0	0	0.4525	0	0	0	0	0	0	0	0	0	0	0	0	0	0	0	0	0.4505	0	0	0	0	0.8555	0	0	0	0	0	0	0	0	0.1655	0
chr12_111040291_111040792	0	0	0	0	0	0	0	0	0	0	0	0	0	0	0	0	0	0	0	0	0	0	0	0.929	0	0	0	0	0	0	0	0	0	0	0	0.2225	0	0	0	0	0	0	0	0	0.86	0	0	0	0	0	0	0	0	0	0	0	0.696	0	0	0	0	0	0	0	0	0	0	0	0.9975	0	0	0	0.284	0	0	0	0	0	0	0	0	0	0	0	0	0	0	0	0	0.5935	0	0	1	0	0	0	0	0	0	0	0.841	0	0	0	0
chr12_118270731_118271232	0	0.997	0.9945	0	0	0	0	0	0	0	0	0	0	0	0	0	0	0	0	0	0	0	0	0	0	0	0	0	0	0	0	0	0	0	0	0	0	0	0	0	0	1	0	0	0	0	0	0	0	0.998	0	0	0	0	0	0.8645	0	0.9775	0	0	0	0	0	0	0	0	0	0	0	0.927	0	0	0	0	0	0	0	0	0.564	0	0	0	0	0	0	0.181	0.9995	0.1525	0	0	0.4045	0	0	0	0	0.549	0	0	0	0	0	1	0	0	0
chr12_118302099_118302600	0	0	0	0	0	0	0	0	0	0	0	0	0	0	0	0	0	0	0	0	0	0	0	0	0	0	0	0	0	0	0	0	0	0	0	0	0	0	0.4005	0	0	0	0	0	0	0	0	0.2295	0	0	0	0	0	0.955	0	0	0	0	0	0	0	0.9385	0	0	0	0	0	0	0	0.1955	0	0	0	0	0	0	0	0	0.554	0.878	0	0	0	0	0.8935	0.98	0	0	0	0	0	0	0	0	0	0	0	0	0	0	0	0	0	0	0
chr12_119065364_119065865	0	0	0	0	0	0	0	0	0	0	0	0.755	0	0	0	0	0	0	0	0	0	0	0	0	0	0	0	0	0	0	0	0	0	0	0	0	0	0	0	0	0	0	0	0	0	0	0	0	0	0	0	0	0	0	0	0	0	0	0	0	0	0	0	0	0	0.29	0	0	0.3605	0	0	0	0	0	0	0	0	0	0	0	0	0	0	0	0	0.539	0	0	0	0	0.2155	0	0	0	0	0	0	0	0	0	0	0.683	0	0	0
chr12_123820787_123821288	0	0	0	0	0	0.9625	0	0	0	0	1	0	0	0	0	0	0	0	0	0	0.84	0	0	0	0.9785	0	0.9985	0	0	0	0	0	0	0	0	0	0	0	0.9945	0	0.731	0	0	0	0	0	0	0	0	0	0	0	0.161	0.821	0	0	0.9665	0	0	0	0	0	0	0	0	0	0	0	0	1	0	0	0	0	0.828	0	0	0	0	0.999	0	0	0.172	0	0	0.5975	0	0	0	0.347	0	0	0.255	0	0	0	0	0	0.8025	0	0	0	0	0	0
chr12_123966984_123967485	0	0	0	0	0	0	0	0	0	0	0	0	0	0	0	0	0	0	0	0	0	0	0	0	0	0	0	0	0	0	0	0	0	0	0	0	0	0.532	0	0	0	0	0	0	0	0	0	0	0	0	0	0	0	0	0	0	0	0	0	0	0	0	0	0	0	0	0	0	0	0	0	0	0	0	0	0	0	0	0	0	0	0	0	0	0	0.979	0.7495	0	0	0	0	0	0	0	0.981	0	0	0	0	0	0	0.319	0	0	0
chr12_123965672_123966173	0	0	0	0	0	0	0	0	0.46	0.1545	0.678	0	0	0	0	0	0.8675	0	0	0	0.2525	0	0	0	0	0	0.9965	0.8385	0	0	0	0	0	0	0	0	0	0	0	0	0	0	0	0	0	0	0	0	0	0	0	0	0	0.802	0.748	0	0	0	0.175	0	0	0	0.7295	0	0	0	0.921	0.969	0	0	0	0	0	0.6605	0	0	0	0	0	0	0	0	0.549	0	0.441	0	0.2285	0.4645	0	0	0.7195	0	0	0	0	0	0	0	0	0	0	0.4135	0	0	0
chr12_124036015_124036516	0	0	0	0	0	0	0	0	0	0	0	0	0	0	0	0	0	0	0	0	0	0	0	0	0	0	0	0	0	0	0	0	0	0	0	0	0	0.2005	0	0	0	0	0	0	0	0	0	0	0	0	0	0	0	0	0.9755	0	0	0	0.1535	0.4505	0	0	0	0	0	0	0	0	0	0	0	0	0	0	0	0	0	0	0	0	0.305	0	0	0	0	0	0	0	0	0	0	0	0	0.8395	0	0	0.913	0	0	0	0	0	0	0	0
chr12_124455030_124455531	0	0	0	0	0	0	0	0	0	0	0	0	0	0	0	0	0	0	0	0	0	0	0	0	0	0	0	0	0	0	0	0	0	0	0	0	0	0	0	0	0	0	0.178	0	0	0	0	0	0	0	0	0	0	0.9905	0	0	0	0	0	0	0	0	0	0	0	0	0	0	0	0	0	0	0	0	0	0	0	0	0	0	0	0	0	0	0	0	0.669	0	0.9715	0	0	0	0	0	0	0	0	0	0	0	0	0	0	0	0
chr12_125269699_125270200	0	0	0	0	0	0	0	0	0	0	0	0	0	0	0	0	0	0	0	0	0	0.2355	0	0	0	0	0	0	0	0	0	0	0	0	0	0	0	0	0	0	0	0	0	0	0	0	0	0	0	0	0	0	0.44	0	0	0	0	0	0.9715	0	0	0	0	0	0	0	0	0	0	0	0	0	0	0	0	0	0	0	0	0	0	0	0	0	0	0	0	0	0	0	0	0	0	0.5725	0	0	0	0	0	0	0	0	0	0	0
chr12_125307490_125307991	0	0	0	0	0	0	0	0	0	0	0	0	0	0	0	0	0	0	0	0	0	0	0	0	0	0	0.479	0	0	0	0	0	0	0	0	0	0	0	0	0	0	0	0	0	0	0	0	0	0	0	0	0	0	0.6115	0	0	0	0	0	0	0	0	0	0	0	0	0	0	0	0	1	0	0	0	0.874	0	0	0	0	0	0	0	0	0	0	0	0	0.998	0	0	0	0	0	0	0	0	0	0	0	0	0	0	0	0	0
chr12_125633829_125634330	0	0	0	0	0	0	0	0	0.484	0.4365	0	0.6485	0.728	0.819	0	0	0.644	0.233	0.7515	0	0	0	0	0.2725	0	0	0	0	0.6075	0	0.783	0.1835	0	0.351	0.343	0	0	0	0	0	0	0	0	0	0.744	0	0	0	0.619	0.1925	0	0	0	0	0	0	0.6345	0	0	0	0	0	0	0	0	0.163	0.522	0	0.407	0	0	0	0.58	0	0	0	0	0	0.2745	0	0	0	0	0	0	0	0	0.2155	0	0.262	0	0.298	0	0	0	0	0.329	0	0	0	0	0	0	0	0.214
chr12_125725470_125725971	0	0.3985	0	0	0	0	0	0	0	0.395	0	0	0.2925	0.4395	0	0	0.6375	0	0	0	0	0	0.635	0	0	0	0	0	0	0.358	0	0.65	0	0	0	0	0	0	0.3995	0.6675	0.5645	0	0	0	0	0	0	0	0.644	0	0	0	0.2545	0	0.501	0	0	0	0	0	0	0	0	0.36	0.535	0.46	0.5465	0.134	0.147	0	0	0	0	0	0	0	0	0.153	0	0	0	0	0.163	0.3065	0.69	0.479	0.3425	0.2185	0	0	0	0	0	0	0	0	0.1795	0	0	0	0	0.2755	0	0	0
chr12_126843566_126844067	0	0	0	0.9995	0	0	0	0	0	0	0	0	0	0	0	0	0	0	0	0	0	0	0	0	0	0	0	0	0	0	0	0	0	0	0	0	0	0	0	0	0	0	0	0	0	0	0	0	0	0	0	0	0	0	0	0	0.9	0	0	0	0	0	0	0	0	0	0	0	0	0	0	0	0.926	0	0	0	0	0	0	0	0	0	0	0	0.5535	0	0	0	0	0.8585	0	0	0	0	0	0	0	0	0	0	0	0	0	0	0
chr12_126895560_126896061	0	0	0	0	0	0	0	0	0	0	0	0	0.947	0	0	0	0	0	0	0	0	0	0	0	0.2125	0	0	0	0	0	0	0	0	0	0	0	0	0	0	0	0	0	0.325	0	0	0	0	0	0	0	0	0	0	0	0	0	0	0	0	0	0	0	0	0	0	0	0	0	0	0	0.5045	0	0	0	0	0	0	0	0	0	0	0	0	0	0	0.872	0	0	0	0	0	0	0	0	0	0	0	0	0.814	0	0	0.452	0	0	0
chr12_127375447_127375948	0	0	0	0	0	0	0	0.845	0	0	0	0	0	0	0	0	0	0	0	0	0	0	0	0	0	0	0	0	0	0	0	0	0	0	0	0	0	0	0	0	0	0	0	0	0.2295	0	0	0	0	0	0	0	0	0.8535	0	0	0	0	0	0	0	0	0	0	0	0	0	0	0	0	0	0	0	0	0	0	0	0	0	0	0	0	0	0	0	0	0	0	0	0	0	0	0	0	0	0	0	0	0	0.753	0	0	0	0	0
chr12_128088229_128088730	0	0	0	0	0	0	0	0	0	0	0	0	0	0	0	0	0	0	0.853	0	0	0	0	0	0	0	0	0	0	0.9765	0	0	0	0	0	0	0	0	0	0	0	0	0	0	0	0	0	0	0	0	0	0	0	0	0	0	0	0	0	0	0	0	0	0	0	0	0	0	0	0	0	0	0	0	0	0	0	0	0	0	0	0	0	0	0	0	0	0	0.672	0	0	0	0	0	0	0.5345	0	0	0	0	0	1	0	0	0.919
chr12_128151756_128152257	0	0	0	0	0	0.9995	0	0	0	0	0	0	0	0	0	0	0	0	0	0	0	0	0	0	0	0	0	0	0	0	0	0	0	0	0	0	0	0	0	0	0	0	0	0	0	0	0	0	0	0	0	0	0	0	0	0	0	0	0.418	0.3705	0	0	0	0	0	0	0	0	0	0	0	0	0	0	0	0.197	0	0	0	0	0	0	0	0	0	0.918	0	0	0	0	0	0	0	0	0	0	0	0	0	0	0	0	0.898	0	0
chr12_128184858_128185359	0	0	0	0	0	0	0	0	0	0	0	0	0	0	0	0	0	0	0	0	0	0	0	0	0	0	0	0	0	0	0	0	0	0	0	0	0	0	0	0	0	0	0	0	0	0	0	0	0	0	0	0	0	0.906	0	0	0	0	0	0	0	0	0.962	0	0	0	0	0	0	0	0.99	0.871	0	0	0	0	0	0	0	0	0	0	0	0	0	0	0	0	0	0	0	0	0	0	0	0	0	0.46	0	0	0	0.849	0	0	0.858
chr13_15152689_15153190	0.926	0	0	0	0	0	1	0.163	0	0	0	0	0	0	0	0	0	0	0	0	0	0	0	0.604	0	0	0	0	0	0	0	0	0	0	0	0.833	0	0	0	0	0	0	0	0	0.9405	0	0	0	0	0	0	0.9865	0	0	0	0	0.986	0	0	0	0	0	0	0	0	0	0	0	0	0	0.2545	0	0	0	0	0	0	0	0	0	0	0	0	0	0	0	0	0	0	0	0	0	0.2635	0	0	0	0	0	0	0	0.7045	0	0	0	0
chr13_15169734_15170235	0	0	0	0	0.9075	0	0	0	0	0	0	0	0	0	0	0	0	0	0	0	0	0.6155	0	0	0	0	0	0	0	0	0	0	0	0	0	0	0	0	0.8905	0	0.994	0	0	0	0	0	0	0	0	0.2985	0	0	0.1215	0.1355	0.274	0.619	0	0	0.645	0	0	0	0.3335	0	0	0	0	0	0	0	0.373	0	0	0.132	0.9995	0	0	0	1	0	0	0	0	0	0	0.2235	0	0.7035	0	0	0	0	0	0	0	0.188	0	0	0	0	0	0	0	0	0
chr13_15278969_15279470	0	0	0	0	0	0	0	0	0	0.1775	0	0	0.2375	0	0	0	0	0	0	0	0	0.201	0	0	0	0	0.5025	0.266	0	0.437	0	0.153	0	0	0	0	0	0	0	0	0.632	0	0	0	0	0	0	0	0	0	0	0	0	0.2765	0.4395	0	0	0	0.2545	0	0	0	0	0	0	0.702	0	0.228	0	0	0	0	0	0	0	0	0.585	0	0.651	0	0	0	0	0	0	0	0	0.2205	0.21	0	0.246	0.4335	0	0	0.7795	0.281	0.411	0	0	0	0	0	0	0	0
chr13_15883403_15883904	0	0	0	0	0	0	0	0	0	0	0	0	0	0	0	0	0	0	0	0	0	0	0	0.256	0	0	0	0	0	0	0	0	0	0	0	0.524	0	0	0	0	0	0	0	0	0.822	0	0	0	0	0	0.5225	0	0	0	0	0.933	0.853	0	0	0	0	0	0	0	0	0	0.1715	0	0	0	0	0	0.9965	0	0	0	0	0	0	0	0	0.1405	0	0	0	0	0	0.659	0	0.8705	0	0	0	0	0	0.2435	0	0	0	0	0	0	0	0	0
chr13_44760677_44761178	0	0	0	0.1915	0	0.238	0	0	0.314	0.4755	0	0	0	0	0.5765	0	0	0.2295	0.273	0	0	0	0	0.2125	0	0	0.4275	0	0.9805	0	0	0	0.4155	0	0	0.2065	0	0	0.1665	0.238	0.396	0	0	0	0	0.1475	0	0	0.6005	0	0	0	0	0.168	0.48	0	0.4295	0	0.558	0	0.69	0	0	0	0	0	0.674	0.518	0.51	0	0	0	0.2195	0	0	0	0	0	0.1965	0	0	0	0	0.693	0.5555	0.451	0	0.5965	0	0.427	0	0	0.738	0	0	0	0.284	0.4515	0	0	0.5475	0.2535	0.3065	0	0
chr13_52698120_52698621	0	0.2935	0	0	0	0	0	0	0	0	0	0	0	0	0	0	0	0	0	0	0	0	0	0	0	0	0	0	0	0	0	0	0	0	0	0	0	0	0	0	0	0	0	0	0	0	0	0	0	0	0	0	0	0	0	0	0.325	0	0	0	0	0	0	0	0	0	0	0	0	0	0	0	0.475	0	0	0	0	0	0	0	0	0	0	0	0	0.1795	0	0	0	0.1555	0	0	0	0.2975	0	0	0	0	0	0	0	0.613	0	0	0
chr13_52736344_52736845	0	0	0	0.1355	0	0	0	0	0	0	0	0	0	0	0	0	0	0	0	0	0	0	0	0.4275	0.8375	0	0	0	0	0	0	0	0	0	0	0	0	0	0.5565	0	0.7635	0.2815	0	0	0	0.7235	0.295	0	0	0	0	0	0.2525	0	0.3065	0	0	0	0.338	0	0	0	0.274	0	0	0.464	0	0.1525	0.7635	0.2965	0	0	0	0.793	0.64	0	0	0.548	0.392	0	0	0	0.736	0	0.2645	0	0	0.158	0	0	0.1375	0	0.1535	0	0	0.2125	0.242	0	0.594	0.4375	0	0.34	0	0	0.603
chr13_61614128_61614629	0	0	0	0	0.162	0	0	0	0	0	0	0	0	0	0	0	0	0	0	0	0.921	0	0	0	0.298	0	0	0	0	0	0	0	0	0	0	0	0	0	0.769	0	0.3505	0	0	0	0	0	0	0	0	0	0	0.87	0	0	0.2855	0	0	0	0	0	0	0	0	0	0	0	0	0	0.2145	0	0	0	0	0	0.3855	0	0	0.121	0.3645	0.1875	0	0	0.7845	0	0	0	0	0	0.301	0	0	0	0	0	0	0	0	0	0.36	0.876	0	0.2155	0	0	0.667
chr13_61741579_61742080	0.8505	0	0	0	0.7575	0	0	0	0	0	0	0	0	0	0	0	0	0	0	0.1385	0	0	0	0.2605	0	0	0	0	0	0	0	0	0	0	0	0.457	0	0	0.7435	0	0	0	0.998	0	0.729	0	0	0	0	0	0	0	0	0	0.9605	0	0	0	0	0	0	0.4645	0	0	0	0	0	0	0	0.9155	0.857	0	0.981	0	0.9495	0	0	0	0.3315	0	0	0	0	0	0	0.9605	0	0	0	0.667	0	0	0	0	0	0	0	0	0	0	0	0	0	0	0
chr13_62254517_62255018	0	0	0	0	0	0	0	0	0.35	0.259	0	0	0	0	0	0	0.5385	0	0.626	0	0.318	0	0.494	0	0	0	0	0	0.345	0	0	0	0	0	0	0	0	0	0.2705	0.2095	0.4675	0	0.3285	0	0	0.338	0.6945	0	0.14	0	0	0	0.567	0	0.761	0	0	0	0.6535	0	0	0.746	0.5665	0.297	0.637	0.3965	0.318	0.2575	0	0.54	0	0	0	0.197	0	0	0	0	0.236	0.145	0	0	0.5335	0.5105	0.4565	0	0	0.432	0	0	0.746	0	0.598	0	0	0.7945	0.4835	0	0	0	0	0.216	0	0	0
chr13_64522644_64523145	0	0	0	0	0	0	0	0	0	0	0	0	0	0	0	0	0	0	0	0	0	0	0	0	0	0	0	0	0	0	0	0	0	0	0	0	0	0	0	0	0	0	0	0	0	0	0	0	0	0	0	0	0	0	0	0	0	0	0	0	0	0	0	0	0	0	0	0	0	0	0	0	0	0	0	0	0	0	0	0	0	0	0	0	0	0.984	0	0	0	0	0	0	0	0	0	0	0	0	0	0	0	0	0	0	0
chr13_70167894_70168395	0	0	0	0	0	0	0	0	0	0	0	0	0	0	0	0	0	0	0	0	0	0	0	0.6575	0	0	0	0	0	0	0	0	0	0	0	0	0	0	0	0	0	0	0	0	0	0	0	0.992	0	0	0.6005	0	0	0.964	0	0.963	0	0	0	0.9495	0	0	0	0	0	0	0	0	0	0	0	0.5835	0.97	0	0	0	0	0	0	0	0	0	0	0	0	0.986	0.9995	0.54	0	0.9395	0	0	0	0	0	0.913	0.7005	0	0	0	0	0	0	0	0
chr13_72339061_72339562	0.979	0	0	0	0.1555	0	0	0	0	0	0	0	0	0	0	0	0	0	0	0	0	0	0	0	0	0	0	0	0	0	0	0	0	0	0	0.152	0	0	0	0	0	0	0	0	0	0	0	0	0	0	0.5695	0	0	0.8995	0	0	0	0	0	0	0	0	0	0	0	0	0	0	0	0	0	0	0	0	0	0.4505	0	0	0	0	0	0	0	0	0	0	0	0	0	0	0	0	0.9605	0	0	0	0	0	0	0	0	0	0	0	0
chr13_85461101_85461602	0	0	0	0	0	0	0	0	0	0	0.598	0	0	0	0	0	0	0	0	0	0	0	0	0	0	0	0.9565	0	0	0	0	0	0	0	0	0	0	0	0	0	0	0	0	0.157	0	0	0	0	0	0	0	0	0	0.5115	0	0	0	0	0.4605	0.3065	0	0	0	0	0	0	0	0	0	0	0	0	0	0	0	0	0	0	0	0	0	0	0	0	0	0.6085	0	0	0	0	0	0	0	0	0	0.8895	0	0	0.1535	0	0	0	0	0	0
chr13_85484624_85485125	0	0	0	0	0	0	0	0	0	0	0	0	0	0	0	0	0	0	0	0	0	0	0	0	0	0	0	0	0	0	0	0	0	0	0	0	0	0	0.9975	0	0	0	0	0.9305	0	0	0	0	0	0	0	0	0.5285	0.9605	0	0	0	0	0	0.226	0	0	0	0	0	0	0	0	0	0	0	0.723	0	0	0	0	0	0	0.833	0	0	0	0	0	0	0.1375	0.162	0	0	0	0.7415	0	0	0	0	0.5295	0.311	0	0.5085	0	0.999	0	0	0	0
chr13_85485129_85485630	0	0	0	0	0	0	0	0	0	0	0	0	0	0	0	0	0	0	0	0	0	0	0	0	0	0	0	0	0	0	0	0	0	0	0	0	0	0	0.191	0	0.9235	0	0	0	0	0.911	0	0	0	0	0	0	0	0.9725	0	0	0	0	0.4575	0	0	0	0.1525	0	0	0	0	0	0	0.3265	0	0	0	0	0	0	0	0	0	0.859	0	0	0	0	0	0	0	0	0.255	0	0	0	0	0	0	0	0.2235	0	0	0	0	0	0	0.1495	0
chr13_85517802_85518303	0	0	0	0	0	0	0	0	0	0	0	0	0	0	0	0	0	0	0	0	0	0	0	0	0	0	0	0	0	0	0	0	0	0	0	0	0	0	0	0	0	0	0	0	0	0	0	0	0	0	0	0	0	0.9455	0	0	0	0	0	0.1835	0	0	0	0	0	0	0	0	0	0	0.873	0	0	0	0	0	0	0	0.249	0	0	0	0	0	0	0.361	0	0	0	0	0	0	0	0	0	0	0	0	0	0.849	0	0	0	0	0
chr13_98187231_98187732	0	0	0	0	0	0	0	0	0	0	0	0	0	0	0	0	0	0	0	0	0	0	0	0.3355	0	0	0	0	0	0	0	0	0	0	0	0	0	0.13	0	0	0	0	0	0	0.7975	0	0	0	0	0	0	0	0	0.9475	0	0	0.4815	0	0	0.999	0	0	0	0	0	0	0	0	0	0	0	0	0.3205	0	0.26	0	0	0	0	0	0	0	0	0	0	0	0	0	0	0.6425	0	0	0	0	0.49	0	0.876	0	0	0	0	0.9675	0	0	0
chr13_101739198_101739699	0	0	0	0	0.9555	0	0	0	0	0	0	0	0	0	0	0	0	0	0	0	0	0	0	0	0	0	0	0	0	0	0	0	0	0	0	0	0	0	0	0	0	0	1	0	0	0	0	0	0	0	0	0	0	0	0	0	0	0	0	0	0	0	0	0	0	0	0	0	0	0	0.988	0	0	0	0	0	0	0	0	0	0	0	0	0	0	0	0	0	0	0	0	0	0.9875	0	0	0	0	0	0	0	0	0	0	0	0
chr13_101767865_101768366	0	0	0	0	0	0	0	0	0	0	0	0	0	0	0	0	0	0	0	0.881	0	0	0	0	0	0	0	0	0	0	0	0	0.561	0	0	0	0.2245	0	0	0	0	0	0	0	0	0	0	0	0	0	0	0	0	0.2985	0	0	0	0	0	0	0	0	0	0	0	0	0	0	0	0.9695	0	0	0	0	0	0	0	0	0	0	0	0	0	0	0	0.5965	0	0	0.2255	0	0.2445	0	0	0	0	0.7205	0	0	0	0	0	0	0.239	0	0
chr14_5503901_5504402	0	0	0	0	0	0	0	0	0	0	0	0	0	0	0.129	0	0	0	0	0	0	0	0	0	0	0.367	0	0	0	0	0	0	0	0	0	0	0	0	0	0	0.39	0	0	0	0	0	0	0	0	0	0	0	0	0.9145	0	0	0	0	0	0.961	0	0	0	0	0	0	0	0.5645	0	0	0	0.7915	0.951	0	0	0	0	0	0	0	0	0	0	0	0	0.7545	0.1875	0	0	0.7245	0	0	0	0.2485	0	0	0	0	0	0	0	0.9895	0	0	0
chr14_5703467_5703968	0	0.2695	0	0	0	0.6495	0	0	0	0	0	0	0	0	0	0	0	0	0	0	0	0.8105	0	0	0	0	0	0.5905	0	0	0	0	0	0	0	0	0	0	0	0	0	0	0	0	0	0	0	0	1	0.349	0	0	0	0	0	0	0	0	0.1215	0	0	0	0.666	0	0	0	0	0	0	0	0	0.361	0	0	0	0.6925	0	0	0	0	0	0.2495	0	0	0	0	0	0	0	0	0	0	0	0	0	0	0	0	0.462	0	0	0.352	0	0	0
chr14_9913504_9914005	0	0.949	0.288	0	0	0.1395	0	0	0.408	0.279	0	0.817	0.557	0.532	0.1985	0.46	0.4015	0.677	0.6805	0	0.7645	0	0	0	0	0.178	0.4525	0.152	0.1205	0	0.9385	0	0	0	0.629	0	0	0	0.4865	0.536	0.7775	0.359	0	0	0	0.339	0	0	0	0	0	0	0.412	0	0.1555	0	0	0	0.1545	0	0.2125	0	0	0	0.4445	0	0.8255	0.25	0	0.849	0	0.425	0	0	0	0	0.2765	0.216	0.2455	0.7775	0	0	0.6675	0	0	0	0.4085	0	0	0	0.141	0	0	0	0	0	0.2675	0	0.588	0	0.5205	0.2175	0	0	0
chr14_9935521_9936022	0.753	0	0	0	0	0	0	0.681	0.9135	0.56	0	0	0	0.6185	0	0	0	0.3045	0.309	0	0	0	0	0.638	0.6015	0	0	0	0	0	0	0	0.701	0.605	0	0.4605	0	0	0.2395	0.3395	0	0	0.834	0	0.3155	0	0	0	0.416	0	0	0	0	0.441	0	0	0.6115	0	0	0.285	0.3515	0	0	0	0	0	0	0.541	0	0	0	0.3645	0.7165	0	0	0	0	0	0.4295	0	0	0	0	0	0	0	0	0	0	0.7235	0	0	0.9825	0	0	0.575	0.4185	0	0	0	0.2835	0	0	0	0
chr14_10167498_10167999	0	0	0	0	0	0	0	0	0	0.9235	0	0	0	0	0	0	0	0	0.768	0	0.443	0	0	0	0	0	0.97	0	0	0	0	0	0	0	0	0	0	0	0	0	0.912	0	0	1	0	0	0	0	0	0	0	0	0	0.9545	0.396	0	0	0	0	0.16	0	0	0	0	0.591	0	0	0	0	0.9985	0	0	0	0	0	0	0	0	0.309	0	0	0	0	0	0	0.886	0	0	0	0	0.7605	0	0	0	0	0	0	0	0	0	0	0	0	0	0
chr14_14866780_14867281	0	0	0	0	0	0	0	0	0	0.318	0	0.1305	0	0	0	0	0	0	0.7375	0	0	0	0	0	0	0	0.378	0.364	0	0	0	0	0	0	0	0	0	0	0	0	0	0	0	0.983	0	0	0	0	0	0	0	0	0	0.691	0	0	0	0	0	0	0	0	0.759	0	0	0	0	0	0	0	0	0	0	0.8405	0.6055	0	0	0	0	0	0	0	0	0	0	0	0	0	0	0	0	0	0	0	0	0.792	0	0	0	0	0	0.1445	0	0	0
chr14_16041774_16042275	0	0	0	0	0	1	0	0	0	0.999	0	0	0	0	0	0	0	0	0	0	0.284	0	0	0.9985	0.9995	0	0	0	0	0	0	0.334	0.9855	0	0	0	0	0	1	0.7635	1	0	0	1	0	0	0	0	0	0	0	0	0.9985	0.9605	0.5065	0	0	0	0.9985	0	0	0	0	0	0	0	0.989	0.9955	0.8785	0.5045	0	0	0	0	0.449	0	0	0	0.9335	0	0	0	0	0	0	0	0	0.4025	0	0	0	0	0.8985	0	0.604	0	0.999	0	0.9165	0	0	0.872	0	0	0
chr14_18386478_18386979	0	0	0	0	0	0	0.122	0	0	0	0	0	0	0	0	0	0	0	0	0	0	0	0	0	0	0	0.5555	0	0	0	0	0	0	0	0	0	0	0	0	0	0	0	0	0	0	0	0	0	0	0	0	0	0	0	0	0.1605	0	0	0	0	0	0	0	0	0	0	0	0	0	0	0.247	0	0	0	0	0	0	0	1	0	0	0	0	0	0	0	0	0	0	0	0	0	0	0	0	0.763	0	0	0	0	0	0	0	0	0
chr14_18433592_18434093	0	0	0	0	0	0	0	0	0	0	0	0	0	0	0.9545	0	0	0	0.369	0	0	0	0	0	0	0	0.121	0	0	0	0	0	0	0	0	0	0	0	0	0	0	0	0	0	0	0	0	0	0	0.9345	0	0	0	0	0	0	0	0	0	0	0	0	0	0	0	0	0.2695	0.1865	0	0	0	0	0	0	0	0	0	0	0	0	0	0	0.9955	0	0	0	0	0	0	0	0	0	0.999	0	0	0	0	0	0.9995	0	0	0.991	0	0	0
chr14_19535565_19536066	0	0	0	0	0.984	0	0	0	0	0.879	0	0	0	0	0.43	0	0	0	0	0	0.459	0	0	0	0.3185	0.3695	1	0	0	0	0	0	0	0	0	0	0	0	0.1605	0.9995	0.2165	0	0	0	0	0	0	0.6715	0	0	0.6915	0	0.83	0.9825	0.868	0	0	0	0	0	0	0	0.4415	0	0.445	0	0	0	0	0.4015	0.9995	0	0	0	0.932	0.324	0	0.7905	0.99	0	0	0	0	0	0	0.6475	0	0	0	0	0	0	0.735	0	0.997	0.9405	0.24	0	0.1385	0	0.2235	0	0	0	0
chr14_19790323_19790824	0	0	0	0	0.695	0	0	0.1435	0.999	0	0	0	0	0	0.1635	0	0	0	0	0	0	0	0	0.569	0	0	0.96	0	0	0	0	0	0	0	0	0.9735	0	0	1	0	0.276	0	0	0	0	0	0	0	0	0	0	0	0	0	0	0	0	0	0	0	0	0	0	0.51	0.822	0	0	0	0	0.3255	0	0	0	0	0.478	0	0	0	1	0	0	0	0	0	0	0	0	0	0.923	0	0	0	0.1605	0	0	0	0	0	0	0.259	1	0	0	0	0
chr14_19917321_19917822	0	0	0	0	0	0	0	0	0	0	0	0	0	0	0.3135	0	0	0	0	0	0.205	0.7205	0	0	0	0	0.986	0	0	0	0	0	0.2075	0	0	0	0	0	0.2525	0.2295	0.228	0	0	0	0	0	0	0	0	0	0.636	0	0	0	0	0	0.64	0	0.4305	0	0	0	0	0	0.55	0	0	0.999	0	0	0	0	0.5075	0	0.3735	0	0	0.1995	0.4585	0	0	0.7665	0	0	0	0.379	0	0	0	0.343	0	0	0.975	0	0	0	0	0	0	0	0	0	0	0	0.9985
chr14_20336722_20337223	0	0	0	0	0	0	0	0	0	0	0	0	0	0	0	0	0	0	0	0.924	0	0	0	0.845	0.263	0	0	0	0	0	0	0	0	0	0	0	0	0	0	0	0	0	0	0.771	0	0	0	0	0	0	0	0	0	0	0	0.2045	0	0	0	0	0	0	0	0	0	0	0	0	0	0	0	0	0	0	0	0	0	0	0	0	0	0.314	0	0	0	0.501	0	0	0	0	0	0	0	0	0.577	0	0	0	0.1495	0	0	0	0	0.477	0
chr14_21808488_21808989	0	0	0	0.1585	0	0	0	0	0	0	0	0	0	0	0	0	0	0	0	0	0.988	0	0	0	0.3285	0	0	0	0	0	0	0	0	0	0	0	0	0	0.8565	0	0.434	0	0	0	0	0	0.222	0	0	0	0	0	0	0	0.538	0	0	0	0.6415	0	0	0.722	0.5725	0	0	0	0.2385	0.235	0.467	0	0	0	0	0	0	0	0	0.4105	0.207	0	0	0	0	0	0	0	0.161	0.3495	0.457	0	0.392	0	0	0	0	0.3725	0.221	0	0	0.9815	0	0.533	0	0	0
chr14_25330278_25330779	0	0.2795	0.213	0	0.736	0	0	0.4065	0	0	0	0	0	0	0	0	0	0	0	0	0	0	0	0.444	0.5775	0	0	0	0	0	0	0	0	0	0	0.631	0	0	0.4585	0	0.3145	0	0	0	0	0.694	0	0	0	0	0	0.1925	0	0.592	0	0	0	0	0	0	0	0	0	0	0	0.8025	0	0	0	0.866	0	0	0	0	0.376	0	0	0	0.5695	0.655	0	0	0	0	0	0.708	0	0.2055	0	0	0	0	0.758	0	0	0	0.572	0	0	0.704	0.592	0	0	0	0
chr14_34846937_34847438	0	0	0	0	0	0	0	0	0	0	0	0	0	0	0	0	0	0	0	0	0	0	0	0	0	0	0	0	0	0	0	0	0	0	0	0.567	0	0	0	0	0	0	0	0	0	0	0	0	0	0	0	0	0	0	0	0	0	0	0	0	0	0	0	0	0	0	0	0	0	0	0	0	0	0	0	0.3555	0	0	0	0	0	0.4655	0	0	0	0	0	0	0	0	0	0	0	0.1335	0	0	0	0	0	0	0.1875	0	0	0	0
chr14_34986006_34986507	0	0	0	0	0	0	0	0	0	0	0	0	0	0	0	0	0	0	0	0	0	0	0	0	0	0	0	0	0	0	0	0	0	0	0	0.1915	0	0	0	0	0.672	0	0	0	0	0	0	0	0	0	0	0	0	0	0	0	0	0	0	0	0	0	0	0	0	0	0	0	0	0	0	0	0	0	0	0	0	0	0	0	0	0	0	0	0	0	0	0	0	0	0	0	0	0	0.662	0	0	0.94	0	0	0	0	0	0	0
chr14_48160762_48161263	0	0	0	0	0	0.117	0	0	0.934	0.6965	0	0	0	0	0	0.9885	0.263	0.408	0.2985	0	0	0	0	0	0	0	0	0	0	0	0	0	0	0	0	0	0	0	0.182	0.932	0	0	0	0	0	0.1435	1	0	0	0	0	0	0	0	0.3595	0	0	0	0	0	0	0	0	0.9325	0	1	0.6125	0.97	0	0	0	0	0	0	0.999	0	1	0	0.9515	0	0.7705	0	0.9785	0.6795	0	0	0	0	0.2755	0	0	0.969	0	0	0	0.1415	0	0	0	0	0	0.8005	0	0	0
chr14_48216079_48216580	0	0	0	0	0	0	0	0	0	0	0	0	0	0	0	0	0	0	0	0	0	0	0	0	0	0	0	0	0	0	0	0	0	0	0	1	0	0	0	0	0	0	0	0	0.9485	0	0	0	0	0	0	0	0	0.8825	0	0.198	0	0	0	0	0	0	0	0	0	0	0	0	0	1	0	0	0	0	0	0	0	0	0.905	0.901	0	0	0	0	0	0.943	0	0	0	0	0	0	0	0	0.6095	0	0	0	0	0.997	0.8615	0	0	0	0
chr14_48248634_48249135	0	0.3705	0.863	0	0	0	0.2975	0	0.4325	0.8545	0	0.797	0.7395	0.2705	0	0	0.154	0.5945	0.7525	0	0.716	0	0	0	0.628	0	0.5055	0.127	0.565	0.8435	0.5395	0	0.7125	0.5515	0.309	0	0	0.2865	0.7645	0.6805	0.377	0	0	0	0	0.202	0.6155	0	0	0	0	0	0.1595	0	0.4875	0	0	0.5875	0.622	0	0.372	0	0.2715	0.6345	0.5185	0	0	0.226	0.5295	0.1745	0	0	0	0.2515	0	0	0.3415	0.576	0.3655	0.775	0	0	0	0.1295	0.322	0	0.2875	0.8545	0	0	0.6985	0	0	0	0	0.4495	0.1515	0	0.601	0	0	0.219	0	0.1685	0
chr14_51199871_51200372	0.3655	0	0	0	0.5745	0.589	0	0	0	0	0	0	0	0	0.466	0	0	0	0	0	0.5405	0	0	0.3235	0.5365	0	0.8905	0	0	0	0	0	0	0	0	0	0	0	0.766	0	0.185	0	0	0	0	0	0	0	0	0	0	0.4935	0.6205	0	0.1435	0	0	0.311	0	0	0.348	0	0.331	0	0	0	0	0	0	0.589	0	0.2165	0	0	0	0	0	0.208	0.9525	0	0	0	0	0	0	0	0	0	0	0	0	0	0.7065	0.5545	0	0	0.6215	0	0	0.3345	0	0	0	0	0
chr14_53780739_53781240	0	0	0	0	0	0	0	0	0	0	0	0	0	0	0	0	0	0	0	0	0	0	0	0	0	0.416	0	0	0	0	0	0	0	0	0	0	0	0	0	0	0	0	0	0	0	0	0	0	0	0	0	0	0	0.189	0	0	0.87	0	0	0.6965	0	0	0	0	0	0	0	0	0	0	0	0	0.544	0	0	0	0	0	0	0	0	0	0	0.938	0	0	0	0	0	0.6615	0	0	0	0	0	0	0	0	0	0	0	0.9955	0	0	0
chr14_79897235_79897736	0	0	0	0	0	0	0	0	0	0.9965	0	0.979	0.9845	0.3935	0	0	0.14	0.692	0.9885	0	0	0	0	0.584	0	0	0	0	1	0	0	0	0.7455	0.8415	0.325	0	0	0	0	0.529	0	0	0	0	0	0	0	0.439	0.746	0.337	0	0	0	0.9895	0.9875	0	0	0	0	0	0	0	0	0	0	0.866	0	0	0	0	0	0	0	0.579	0	0	0.8455	0	0	0	0	0	0.426	0	0.5295	0.9795	0.1285	0	0	0	0	0	0	0	0	0	0	0	0	0	0	0.3185	0	0.6965	0
chr14_80248875_80249376	0	0	0	0	0	0	0	0	0	0	0	0	0	0	0	0	0.3105	0	0.123	0	0.6905	0	0	0	0	0	0.476	0.579	0	0.6455	0	0.173	0	0	0	0	0	0	0.5225	0.1435	0	0	0	0	0	0	0	0	0	0	0	0	0	0	0.3	0	0	0	0.7295	0	0	0	0	0	0	0	0	0	0.1695	0.692	0	0	0	0	0	0	0	0	0.24	0	0	0	0	0.3425	0	0.1955	0.7785	0	0	0	0	0	0.422	0	0	0.6835	0	0.681	0.7595	0	0	0.682	0	0.122	0
chr14_107277141_107277642	0	0	0	0	0	0	0	0	0	0	0	0	0	0	0	0	0	0	0	0	0	0	0	0	0.8045	0	0	0	0	0	0	0	0	0	0	0	0	0	0	0	0	0	0	0	0	0	0	0	0	0	0	0	0	0	0	0	0	0	0	0.603	0	0	0	0	0	0	0	0	0	0	0.988	0	0	0	0	0	0	0	0	0	0	0	0	0	0	0.954	0	0	0	0	0	0	0	0	0	0	0	0	0	0	0	0	0	0	0
chr14_107294735_107295236	0	0	0	0	0.9735	0	0	0.9995	0	0	0	0	0	0	0	0	0	0	0	0	0	0	0	0.195	0	0	0	0	0	0	0	0	0	0	0	0.13	0	0	0	0	0	0	0	0	0.288	0	0	0	0	0	0	0.997	0	0.726	0	0	0	0	0	0	0	0	0	0	0	0	0	0	0	0	0	0	0	0	0	0	0	0	0	0	0	0	0	0	0	0.988	0	0	0	0	0	0	0	0	0	0	0	0	0	0.154	0.927	0	0	0	0
chr14_107382688_107383189	0	0	0	0	0.613	0.963	0	0	0	0	1	0	0	0	0.7025	0	0	0	0	0	0.137	0.482	0	0	0	0	0	0.1365	0	0	0	0	0	0	0	0	0	0	0.2445	0	0.675	0	0	0	0	0	0	0	0	0	0	0.838	0.129	0.8395	0	0	0	0	0	0	0	0	0	0	0.167	0	0	0	0	0	0	0.552	0	0	0	0	0	0.182	0.1965	0	0	0	0	0	0	0	0	0	0	0	0	0	0	0	0	0.762	0	0	0.999	0	0	0	0	0	0
chr14_110593869_110594370	0	0	0	0	0.591	0	0	0	0	0	0	0	0	0	0	0	0	0	0	0	0	0	0	0	0.977	0	0	0	0	0	0	0	0.9935	0	0	0	0	0	0.3545	0.9235	0.2035	0	0	0	0	0	0	0	0	0	0	0.693	0	0.68	0	0	0	0	0	0	0	0	0.225	0	0	0	0	0	0	0.974	0	0	0	0	0.9225	0	0	0.6695	0.5995	0.408	0	0	0.134	0	0	0.2895	0	0	0	0	0.8775	0	1	0	0	0	0	0	0	0	0	0.8595	0.1925	0	0
chr14_110705218_110705719	0	0	0	0	0	0	0	0	0	0	0	0	0.314	0.1345	0	0	0	0	0	0	0	0	0	0	0	0	1	0.9965	0	0	0	0	0	0	0.541	0	0	0	0.793	0	0.208	0	0	0	0	0	0	0	0	0	0	0	0.146	0.9225	0	0	0	0	0	0	0	0	0.2535	0	0	0	0	0	0	0	0	0	0	0	0	0	0	0	0.3165	0	0	0	0	0	0	0	0	0	0	0	0	0	1	0	0	0	0	0	0	0.675	0	0	0	0	0
chr14_110857082_110857583	0	0.1745	0	0	0	0.3295	0	0	0	0.865	0	0	0	0	0	0	0	0	0	0	0.346	0	0	0	0	0	0	0	0	0	0	0.9595	0.1505	0.2795	0	0	0	0	0	0.1525	0.623	0	0	0	0	1	0	0	0	0	0	0	0	0	0.506	0.4015	0	0	0.2885	0	0.86	0.335	0	0	0	0.825	0.9315	1	0.148	0.173	0	0.1655	0	0	0	0	0	0	0.6895	0	0	0	0	0	0	0.631	0.899	0.944	0	0	0	0.1545	0	0	0	0.875	0	0.21	0	0	0	0	0.785	0	0
chr14_116331313_116331814	0	0	0	0	0.7945	0	0	0	0	0	0	0	0.2385	0.6925	0	0	0.1735	0	0	0	0	0	0	0	0	0	0	0	0	0	0	0	0	0	0	0	0	0	0.343	0	0.238	0	0	0	0	0	0	0	0	0	0	0	0	0.164	0	0	0	0.2365	0.3745	0	0	0	0.762	0	0.236	0	0	0	0.155	0.5145	0	0	0	0	0.6925	0	0	0.814	0.2535	0	0	0	0.19	0	0	0.1755	0	0	0	0	0	0	0	0	0.5665	0.6375	0.542	0.237	0	0	0	0.6325	0	0	0
chr14_116513953_116514454	0	0	0	0	0	0	0	0	0	0	0.816	0	0	0	0	0	0	0	0	0	0	0	0	0	0	0	0.3465	0	0	0	0	0	0	0	0	0	0	0	0	0	0	0	0	0	0	0	0	0	0	0	0	0	0	0	0	0	0	0	0	0	0	0	0	0	0	0	0	0	0	0	0	0	0	0	0	0	0	0	0	0	0	0	0	0	0.1585	0.7405	0	0	0	0	0	0	0	0	0	0	0	0	0	0	0	0	0	0	0
chr14_117886291_117886792	0	0	0	0	0	0	0	0	0	0	0	0	0	0	0	0	0	0	0	0	0	0	0	0	0	0	0	0	0	0	0	0	0	0	0	0	0	0	0	0	0	0	0	0	0	0	0	0.772	0	0	0	0	0	0.3925	0	0	0	0	0	0	0	0	0	0	0	0	0	0	0	0.882	0	0	0	0	0	0	0	0	0	0	0	0	0	0	0	0	0	0	0	0	0	0	0	0	0	0.179	0.246	0	0	0.748	0	0	0	0	0
chr15_1660138_1660639	0	0	0	0	0	0	0	0	0	0	0	0	0	0	0	0	0	0	0	0	0	0	0	0	0	0	0	0	0	0	0	0	0	0	0	0	0	0	0	0	0	0.1405	0	0	0	0	0	0	0	0	0	0	0	0.619	0	0	0	0	0	0	1	0	0	0	0	0	0	0	0.5095	0	0	0	0	0	0	0	0	0.4665	0	0	0	0	0	0	0	0.524	0	0	0.177	0	0	0.405	0	0.5095	0	0	0	0	0	0.145	0.9995	0.36	0	0	0
chr15_1703167_1703668	0	0	0	0	0	0	0	0	0	0	0	0	0	0	0	0.3615	0.5655	0	0	0	0	0	0	0	0	0	0.2065	0	0	0	0	0	0	0	0	0	0	0	0	0	0	0.5365	0	0	0	0	0	0	0.5835	0	0	0	0	0.351	0	0	0	0	0	0.7835	0	0	0	0.23	0	0	0	0	0	0	0	0	0	0	0	0	0	0	0	0	0	0.2635	0	0	0	0.6985	0	0	0	0	0	0	0	0	0	0	0	0	0.681	0	0.703	0.344	0.4055	0	0
chr15_7223950_7224451	0	0.3865	0.3885	0	0	0	0	0	0	0.371	0	0.6775	0	0.155	0	0	0	0	0	0	0	0	0	0	0	0	0	0	0	0	0	0.494	0	0	0	0	0	0	0	0	0	0.6805	0	0	0	0.811	0	0	0.968	0	0	0	0	0	0.617	0	0	0	0.2035	0	0	0	0	0.817	0.1335	0	0.74	0.7315	0.2345	0	0	0	0	0.848	0	0	0	0	0	0	0	0	0	0	0	0.4115	0	0.5605	0	0	0.326	0	0	0	0	0	0.1825	0	0	0	0	0	0	0	0
chr15_7264489_7264990	0	0.274	0.9535	0	0	0	0	0	0	0	0	0	0	0	0	0	0	0	0	0	0	0	0	0	0	0	0.247	0.4645	0	0	0	0	0	0	0	0	0	0	0.761	0	0	0	0	0	0	0	0	0	0	0	0	0	0.615	0	0	0	0	0	0	0	0	0	0	0	0.2175	0	0	0	0	0	0	0	0	0	0.195	0	0	0.173	0	0	0.649	0	0	0	0	0	0	0	0	0	0	0	0	0	0	0	0.3675	0	0	0	0	0	0	0	0
chr15_8696562_8697063	0	0.496	0.5575	0	0	0	0	0	0	0	0	0	0	0	0	0	0	0	0	0.9575	0	0	0.98	0	0	0	0	0	0	0	0	0	0	0	0	0	0	0	0.519	0	0.2525	0.164	0	0	0	0.9955	0	0	0	0	0	0.982	0	0	0	0	0	0	0	0	0	0	0	0	0.2605	0	0	0	0	0	0	0	0	0	0	0	0	0.997	0.152	0	0	0	0	0	0	0.8075	0	0	0	0	0	0	1	0	0	0	0	0	0	0	0	0	0	0	0
chr15_8738104_8738605	0	0	0	0	0	0	0	0	0	0	0	0	0	0	1	0	0	0	0	0	0	0	0	0	0	0.878	0	0.1345	0	0	0	0	0	0	0	0	0	0.74	0	0	0	0	0	0	0	0	0	0	0	0	0	0	0	0	0	0	0	0	0	0	1	0	0	0.1865	0	0.7735	0	0	0	1	0	0.3525	0	0.7735	0	0	0	0	0.165	0	0.18	0	0	0	0	0.883	0	0	0	0	0	0	0.9985	0	0	0.257	0	0	0.2885	0.5245	0	0.422	0	0	0
chr15_16943781_16944282	0	0	0	0	0	0	0	0	0	0	0	0	0	0	0	0	0	0	0	0	0	0	0	0.7705	0	0	0	0	0	0	0	0	0	0	0	0.1335	0	0	0	0	0	0	0	0	0	0	0	0	0	0	0	0	0	0.504	0	0	0.4155	0	0	0	0	0	0	0	0	0	0	0	0	0	0	0	0.519	0	0	0	0	0	0	0	0	0	0	0	0	0	0	0	0	0.2925	0	0	0	0	0	0	0	0	0	0	0	0	0	0	0
chr15_17266453_17266954	0	0	0	0	0	0	0	0	0	0	0	0	0	0	0	0	0	0	0	0	0	0	0	0	0	0.3495	0.159	0	0	0	0	0	0	0	0	0	0	0	0.766	0	0.2615	0	0	0	0	0.582	0	0.1445	0	0	0	0	0	0.781	0.46	0	0	0	0	0	0	0	0	0	0	0	0	0	0.908	0	0	0	0.3445	0	0.3405	0	0	0	0.457	0	0	0	0	0	0	0.615	0	0	0	0.479	0	0	0	0	0	0.9385	0.9555	0.9435	0	0	0	0	0	0	0
chr15_27702281_27702782	0	0	0	0	0.1645	0	0	0	0	0.5965	0	0	0	0.9995	0	0	0	0	0	0	0.307	0	0	0	0	0	0	0	0	0	0	0	0.8165	0	0	0	0	0	0.5155	0.7745	0.3995	0	0	0	0	0.8525	0	0	0	0	0	0	0.276	0.4715	0.325	0	0	0	0.1665	0	0.143	0.561	0	0	0.501	0	0	0.71	0	0.5475	0	0	0	0	0.786	0	0	0	0.9355	0	0	0	0	0.629	0.3595	0.333	0.8065	0.1395	0	0	0	0	0	0	0	0.492	0	0	0	0	0	0.4385	0	0	0
chr15_27710501_27711002	0	0	0	0	0	0	0	0	0	0	0	0	0	0	0	0	0	0	0	0	0	0	0	0	0	0	0	0	0	0	0	0	0	0	0	0	0	0	0	0	0	0	0	0	0	0	0	0	0	0	0	0	0	0.224	0	0	0	0	0	0	0	0	0	0	0	0	0	0	0	0	0	0	0	0	0	0	0	0	0	0	0	0	0	0	0	0	0	0	0	0	0	0	0	0.4885	0	0	0	0	0	0	0	0	0	0	0
chr15_56226026_56226527	0	0	0.9945	0	0	0	0	0	0	0	0	0	0	0	0	0	0	0	0	0.2575	0	0.4425	0	0	0	0	0	0	0	0	0	0	0	0	0	0	0	0	0	0	0	0	0.7445	0	0	0	0	0	0	0	0	0	0	0	0	0	0	0	0	0	0	0	0	0	0	0	0.159	0	0.757	0	0.1815	0	0	0	0	0	0	0	0	0	0	0	0	0	0	0	0	0.2505	0	0	0	0.371	0	0	0	0	0	0	0	0	0	0	0	0	0
chr15_83100136_83100637	0	0	0	0	0	0	0	0	0	0	0	0	0	0	0	0	0	0	0	0	0	0	0	0	0	0	0	0	0	0	0	0	0	0	0	0	0	0	0	0	0	0	0	0	0	0	0	0	0	0	0	0	0	0	0	0	0	0	0	0	0	0	0	0	0	0	0	0	0	0	0	0	0	0	0	0	0	0	0	0	0	0	0	0	0	0.8925	0	0	0	0	0	0	0	0.281	0	0	0	0	0	0.3	0	0.7935	0	0	0
chr15_85808372_85808873	0	0	0	0	0	0	0	0	0	0	0	0	0	0	0.5595	0	0	0	0	0	0.223	0	0	0	0	0	1	0	0	0	0	0	0	0	0	0	0	0	0	0	0	0	0	0	0	0	0	0	0	0	0	0	0	0	0	0	0	0	0	0	0	0	0	0	0	0	0	0	0	0	0	0	0	0	0	0	0	0	0	0	0	0	0	0	0	0	0	0	0	0	0	0	0	0	0	0	0	0	0.9885	0	0	0	0	0	0
chr15_85887729_85888230	0	0	0	0	0	0	0	0	0	0	0	0	0	0	0	0	0	0	0	0	0	0	0	0	0	0	0	0	0	0	0	0	0	0	0	0	0.985	0	0	0	0	0	0	0	0	0	0	0	0	0	0	0	0	0	0	0	0	0	0	0	0	0	0	0	0	0	0.6035	0	0	0	0.14	0	0	0	0	0	0	0	0	0	0	0	0	0	0	0.9785	0	0	0	0	0	0	0	0	0	0.8645	0.2315	0	0	0	0	0	0	0	0
chr15_108205004_108205505	0	0	0	0	0	0	0.9995	0	0	0	0	0	0	0	0.8125	0	0	0	0	0	0.9995	0	0	0	0	0	0	0	0	0	0	0	0	0	0	0	0	0	0.9925	0	0.9635	0	0	0	0	0	0	0	0	0	0	0	0.71	0.923	0	0	0	0	0	0	0	0	0	0	0	0	0	0	0	0	0.393	0	0	0	0	0	0	0	0.557	0	0	0	0	0	0.225	0.458	0	0	0	0	0.6355	0	0	0	0.9625	0	0	0	0.245	0	0	0	0	0	1
chr15_108206317_108206818	0	0	0	0	0	0	0	0	0	0	0	0	0	0	0	0	0	0	0	0	0	0	0	0.1985	0	0	0	0	0	0	0	0	0	0	0	0.745	0	0	0	0	0	0	0	0	0.629	0.197	0	0	0	0	0.437	0	0	0	0	0.9145	0.978	0	0	0	0	0	0	0	0	0	0.1425	0	0	0	0	0	0.2495	0	0	0	0	0	0	0	0	0	0	0	0	0	0	0.984	0.3	0.9485	0	0	0	0	0.2735	0.2725	0.2515	0.793	0	0	0.272	0.381	0	0	0
chr15_108264819_108265320	0	0	0	0	0	0	0.7715	0	0	0	0	0	0	0	0	0	0	0	0	0	0	0	0	0.5705	0	0	0	0	0	0	0	0	0	0	0	0.8225	0	0	0	0	0	0	0	0	0.949	0	0	0	0	0	0	0	0	0	0	0.916	0.7165	0	0	0	0	0	0	0	0	0	0	0	0	0	0	0	0.855	0	0	0	0	0	0	0	0	0	0	0	0	0.979	0	0	0	0.4695	0	0	0	0	0	0	0	0	0.417	0	0	0	0	0	0.742
chr15_112329411_112329912	0	0	0	0	0	0	0	0	0	0.7455	0	0	0	0	0	0	0	0.64	0.9165	0.6525	0	0	0	0	0	0	0	0	0	0	0	0	0.152	0	0	0	0.1935	0.218	0	0.1665	0.2885	0	1	0	0	0	0	0	0	0	0	0.9045	0	0.8735	0	0	0	0	0	0	0	0	0	0.3235	0	0	0	0	0	0	0	0	0	0	0	0	0	0	0	0	0	0	0	0.2915	0	0.886	0	0	0	0	0	0	0	0	0.2145	0	0	0	0	0	0	0	0	0	0.775
chr16_1487740_1488241	0	0	0	0	0	0	0	0	0	0	0	0	0	0	0	0	0	0	0.6255	0	0.535	0	0.322	0	0	0	0	0	0	0	0	0	0	0	0	0	0	0	0.224	0.186	0.5675	0	0	0	0	0.3835	0	0.5375	0	0	0	0	0.7275	0	0.5245	0	0	0	0.287	0	0	0	0	0	0.726	0.2465	0.2465	0.789	0.218	0.516	0	0	0	0	0.3795	0	0.73	0	0.2775	0	0	0	0	0.625	0	0.6255	0.1475	0	0.4335	0	0	0	0	0	0	0	0	0	0	0	0.7485	0.628	0	0	0
chr16_1486749_1487250	0	0	0	0.7745	0	0	0	0	0	0	0	0	0	0	0	0	0	0	0	0	0	0	0	0	0	0	0.863	0	0	0	0	0.2205	0.6815	0	0	0	0	0	0	0	0	0	0.211	0	0	0.905	0	0	0	0	0	0	0	0	0.5565	0	0	0	0	0	0	0	0.557	0.5115	0	0.3135	0.2405	0	0.4635	0	0.2955	0	0	0	0	0.3405	0	0	0	0	0	0	0	0	0.17	0.39	0.274	0	0	0	0	0.363	0	0	0	0	0	0	0.162	0	0	0	0	0	0
chr16_7204095_7204596	0	0.509	0.7145	0.2005	0	0.281	0	0	0	0	0	0	0	0	0	0	0	0	0	0	0	0	0	0	0	0	0	0	0	0	0	0	0	0	0	0	0	0	0.824	0	0	0	0	0	0	0.216	0.891	0	0	0	0	0	0	0	0	0	0	0	0.5085	0	0	0	0	0	0	0	0	0	0.3615	0	0	0	0	0	0	0	0	0	0.618	0	0	0	0	0	0.1505	0	0	0.3865	0	0	0	0	0	0	0	0	0	0	0	0	0	0.1285	0	0	0
chr16_7250905_7251406	0	0	0	0	0	0	0	0	0	0.453	0	0	0	0	0.5855	0	0	0	0	0	0.3125	0	0.346	0	0	0	0.119	0	0	0	0	0	0	0	0	0	0	0.719	0	0.3195	0.4515	0	0	0	0	0	0	0	0	0	0	0	0	0	0.73	0	0	0	0	0.5155	0	0	0	0	0.7605	0	0	0.337	0	0	0.758	0.7215	0	0	0	0	0	0.542	0.738	0	0	0	0.669	0	0	0	0	0	0	0	0.7635	0	0	0	0.276	0	0	0	0	0	0	0	0	0	0
chr16_16431670_16432171	0	0	0	0	0	0	0	0	0	0	0	0	0	0	0	0	0	0	0	0	0	0	0	0	0	0	0	0	0	0	0	0	0	0	0	0	0	0	0	0	0	0	0	0	0	0	0	0	0	0	0.725	0	0	0.365	0	0	0	0	0	0.474	0	0	0	0	0	0	0	0	0	0	0.444	0	0	0	0	0	0	0	0	0	0	0	0	0	0	0.633	0	0	0	0	0	0	0	0	0	0	0	0	0.225	0	0	0	0	0	0
chr16_16481091_16481592	0	0	0	0	0	0.272	0	0	0	0	0	0	0	0	0	0	0	0	0	0	0.8425	0	0	0	0	0	0	0.993	0	0	0	0	0	0	0	0	0	0	0.9015	0	0.477	0	0	0	0	0.18	0	0	0	0	0	0	0.5725	0	0.378	0	0	0	0	0	0	0.578	0	0	0	0	0	0	0.7075	0.6735	0	0.766	0	0	0.2915	0	0	0	0.1405	0	0	0	0	0	0	0.657	0	0.784	0.6955	0	0	0.7605	0	0	0	0	0	0	0.664	0	0	0.606	0	0	0
chr16_17509788_17510289	0.181	0	0	0.6675	0.7935	0	0.388	0	0	0.277	0	0	0	0	0.1655	0	0	0	0.277	0	0.221	0	0.5175	0	0	0	0	0	0	0	0	0.2735	0	0	0	0	0	0	0.4125	0.3035	0.7985	0	0	0	0	0.9155	0.779	0	0.8445	0	0	0	0	0	0.5545	0	0	0	0.6935	0	0.7865	0	0	0.455	0.6455	0.1685	0	0	0	0	0	0	0	0	0	0	0.4	0.746	0	0	0	0	0	0	0	0.5395	0	0.1695	0	0	0	0	0	0	0	0.1865	0	0	0.3255	0	0	0.2435	0	0	0.8085
chr16_17537004_17537505	0	0	0	0	0	0	0	0	1	0	0	0	0	0	0.269	0	0	0	0	0	0	0	0	0	0	0	1	0	0	0	0	0	0	0	0	0	0	0	0	0	0.656	0	0	0	0	0	0	0	0	0	0	0	0.999	0.964	0	0	0	0	0	0.7955	0	0.849	0	0	0	0.6225	0	0	0.2745	0	0	0	0	0	0	0	0	0	0	0	0	0	0	0	1	0.4425	0	0	0	0	0	0	0	0	0	0	0	0	0.1265	0	0	0	0	0	0
chr16_17551500_17552001	0	0	0	0	0	0	0.9455	0	0	0.9335	0	0	0	0	0.9885	0	0	0	0	0	0.9825	0.197	0.3485	0	0	0	0.515	0	0	0	0	0.997	0	0	0	0	0	0	0.996	0.927	0.3125	0	0	0	0	0	0	0	0	0	0	0	0.992	0.9875	0.7685	0	0	0.7635	0	0	0	0	0.1595	1	0.873	0	0	0.976	0.3785	0.9675	0	0	0	0	0.118	0	0	0	0.2395	0	0	0	0.9	0.6535	0	0.82	0	0	0	0	0	0	0	0	0	0.998	0	0	0.908	0	0	0.376	0	0	0
chr16_19457787_19458288	0	0	0	0	0	0	0	0	0	0	0	0	0	0	0	0	0	0	0	0	0	0	0	0	0	0	0	0	0	0	0	0	0	0	0	0	0	0	0	0	0	0	0	0	0	0	0	0	0	0.397	0	0.968	0	0.958	0	0.356	0	0	0	0	0	0	0	0	0	0	0	0	0	0	0.981	0	0	0	0	0	0	0	0	0	0	0	0	0	0	0	0	0.1455	0	0	0	0	0	0	0	0.994	0	0	0	0	0	0	0	0	0
chr16_24201005_24201506	0	0	0	0	0	0	0	0	0	0	0	0	0	0	0	0	0	0	0	0	0	0	0	0	0	0	0	0	0	0	0	0	0	0	0	0	0	0	0	0	0	0	0	0	0	0	0	0	0	0.387	0	0	0	0	0	0	0	0	0	0	0	0	0	0	0	0	0	0	0	0.8415	0	0	0	0	0.7335	0	0	0	0	0	0	0	0	0	0	0.169	0	0	0	0	0	0	0	0	0	0	0	0	0.4385	0	0.3655	0	0.6195	0	0.3625
chr16_24238912_24239413	0	0	0	0	0	0	1	0	0.363	0.1355	0	0.7025	0.688	0.1925	0.881	0	0.3105	0	0.832	0	0.8295	0	0	0	0	0.9835	0.9955	0	0	0	0	0	0	0	0	0	0	0	0.3565	0.992	0.9995	0	0	0	0	0	0	0	0	0	0	0.972	0	0	0	0	0.9935	0	0	0	0	0	0.937	0	0.8305	0	0	0	0	0	0	0	0.744	0	0.7905	0	0	0	0.9995	0	0	0	0	0	0	0.9225	0	0.1265	0	0.9925	0	0	0	0.9995	0	0.4785	0.3705	0	0	0	0	0	0	0.7205	0
chr16_28158696_28159197	0	0	0	0	0	0	0	0	0	0	0	0	0	0	0	0	0	0	0	0	0	0	0	0.515	0	0	0	0	0	0	0	0	0	0	0	0.5605	0	0	0	0	0	0	0	0	0	0	0	0	0	0	0.3125	0	0	0.735	0	0	0.168	0	0	0	0	0	0	0	0	0	0	0	0	0	1	0	0	0	0.475	0	0	0	0	0	0	0	0	0	0	0.9565	0	0.1955	0	0.9115	0	0	0.2055	0	0	0.543	0.3565	0	0	0	0.825	0	0	0	0
chr16_28508337_28508838	0	0	0	0	0	0	0	0	0	0	0	0	0	0	0	0	0	0	0	0	0	0	0	0.523	0	0	0	0	0	0	0	0	0	0	0	0.2325	0	0	0	0	0	0.317	0	0	0.1925	0	0	0	0	0	0	0	0	0	0	0	0.519	0	0	0	0	0	0	0	0	0	0	0	0	0	0	0	0.461	0	0	0	0	0	0	0	0	0	0	0	0	0.241	0	0	0	0.763	0	0	0	0	0	0	0	0	0	0	0	0.1885	0	0	0
chr16_33607030_33607531	0	0	0	0	0	0.996	0	0	0	0	0	0	0	0	0	0	0	0	0	0	0.997	0	0	0	0	0	0	0	0	0	0	0	0	0	0	0	0	0	0	0	0.9745	0	0	0	0	0	0	0	0	0	0	0	0.6945	0.3155	0	0	0	0	0.94	0	0	0	0	0	0.265	0	0	0.7625	0	0	0	0	0	0	0	0	0	0	0	0	0	0	0	0	0	0.9665	0	0	0	0	0.9665	0	0	0	0.2725	0	0.9585	0	0	0	0.252	0	0	0	0
chr16_33655823_33656324	0	0	0	0	0	0	0	0	0	0	0	0	0	0	0	0	0	0	0	0	0	0	0	0.1425	0	0	0	0	0	0	0	0	0	0	0	0.834	0	0	0	0	0	0	0	0	0	0	0	0	0	0	0	0	0	0.319	0	0	0.868	0	0	0	0	0	0	0	0	0	0	0	0	0	0	0	0.9615	0	0	0	0	0	0	0	0	0	0	0	0	0	0	0	0	0.9905	0	0	0	0	0	0	0	0	0	0	0	0	0	0	0
chr16_38380597_38381098	0	0	0	0	0	0	0	0	0	0	0	0	0	0	0	0	0	0	0	0	0.1255	0	0	0.2465	0.409	0	0.2415	0.617	0	0	0	0	0	0	0	0	0	0	0.764	0	0.55	0	0	0	0	0	0	0	0	0	0	0	0	0	0.6475	0	0.4035	0	0.236	0	0.3005	0	0.306	0	0.757	0	0	0	0	0	0	0.695	0	0.642	0.1255	0	0	0.548	0.15	0	0	0	0	0	0	0	0	0	0.7865	0	0.748	0	0	0	0	0	0	0	0	0	0	0	0	0	0
chr16_38462389_38462890	0	0	0	0	0	0	0	0	0	0	0	0	0	0	0	0	0	0	0	0	0	0	0	0	0	0	0.928	0	0	0	0	0	0.9145	0	0	0	0.877	0	0	0	0.2045	0	0.167	0	0	0	0	0	0	0	0	0	0	0.1975	0	0	0	0	0	0.965	0	0	0	0	0.372	0	0	0.5025	0.5535	0	0	0	0	0	0.4475	0	0	0.487	0.2645	0	0	0	0	0.29	0	0.5295	0	0	0	0	0.2205	0.9975	0	0	0	0	0	0	0.8815	0	0	0	0	0.9985	0
chr16_38470968_38471469	0	0	0	0	0	0	0	0	0	0	0	0	0	0	0	0	0	0	0	0	0.4675	0.524	0	0	0	0	0	0	0	0	0	0	0	0	0	0	0	0	0	0	0	0	0	0	0.8035	0	0	0	0	0	0	0	0	0	0.3395	0	0	0	0	0	0	0	0	0	0	0	0	0	0	0	0	0	0	0	0	0	0	0	0	0	0	0	0.469	0	0	0	0	0	0	0	0	0	0	0	0	0	0	0	0	0	0	0.357	0	0	0
chr16_38475180_38475681	0	0	0	0	0	0	0	0	0	0	0	0	0	0	0	0	0	0	0	0	0	0	0	0	0	0	0	0	0	0	0	0	0	0	0	0	0	0	0.1325	0	0.994	0	0	0	0	0	0	0	0	0	0	0	0	0	0.9925	0	0	0	0	0	0	0	0	0	0	0.235	0	0	0	0.5845	0.96	0	0	0	0	0	0	0	0.867	0.78	0	0	0	0	0.96	0.992	0	0	0	0	0	0	0	0	0	0	0	0	0	0	0	0.46	0.1435	0	0
chr16_38646397_38646898	0	0	0	0	0	0	0	0	0	0	0	0	0	0	0	0	0	0	0	0	0	0	0	0	0	0	0	0	0	0	0	0	0	0	0	0.991	0	0	0	0	0	0	0	0	0	0	0	0	0	0	0	0	0	0	0	0	0	0	0	0.263	0	0	0	0	0	0	0	0	0.302	0	0.9045	0	0	0	0	0	0	0	0	0	0	0	0	0	0	0.806	0	0	0	0	0	0	0	0	0	0.8185	0	0.965	0.992	0	0	0.494	0	0	0
chr16_39978530_39979031	0	0	0	0	0	0	0	0	0.5345	0.493	0	0.1255	0.3995	0.6445	0	0	0.2215	0.754	0.415	0	0.3425	0	0	0	0	0	0	0.334	0.202	0.262	0.221	0.273	0	0.18	0.3195	0	0	0	0.477	0.804	0.159	0	0	0	0	0.182	0	0.4105	0.3455	0.5555	0	0	0	0	0.145	0	0	0	0.1405	0	0	0.275	0.7235	0.222	0.1695	0.1905	0.1525	0.6945	0	0	0	0	0	0	0	0	0.3215	0.3195	0.212	0	0	0	0.1645	0.3785	0	0	0	0.2895	0	0	0	0.3265	0	0	0	0	0	0	0.1825	0	0	0	0	0	0
chr16_46159047_46159548	0	0	0	0	0	0	0	0	0	0	0.9995	0	0	0	0.998	0	0	0	0	0	0.761	0	0	0	0.996	0.6575	0.175	0	0	0	0	0.1915	0	0	0	0	0	0	0.378	0.327	0.9375	0	0	0	0	0	0	0	0	0	0	0	1	0.814	0	0	0	0	0	0	0.994	0	0	1	0.681	0.4645	0	0.8825	0	0	0	0.943	0	0	0	0	0	0.95	0	0	0	0	0	0	0	0	0	0	0	0	0	0	0	0	0	0.2305	0	0	0	0	0	0	0	0	0
chr16_48734806_48735307	0	0	0	0	0	0	0	0	0	0	1	0	0	0	0	0	0	0	0	0	0	0	0	0.268	0	0	0.52	0	0	0	0	0	0	0	0	0	0	0	0	0.999	0	0	0	0	0.1485	0	0	0	0	0	0.5185	0	0	0.765	0	0.8795	0.6425	0	0	0	0	0	0	0	0	0	0	0	0	0	0	0	0.6825	0	0	0	0	0	0	0	0	0	0	0	0	0	0	0.3785	0	0.2885	0	0	0	0	0	0.919	0.1565	0	0	0	0	0	0	0	0
chr16_53250091_53250592	0	0	0	0	0.952	0	0	0	0	0	0	0	0	0	0	0	0	0	0	0	0	0	0	0	0.264	0	1	0	0	0	0	0	0	0	0	0	0	0	0.1455	0	0	0	0	0	0	0	0	0	0	0	0	0.924	0	0.997	0	0	0	0	0	0	0	0	0	0	0	0	0	0	0	0.9615	0	0	0	0	0	0	0	0	0.5475	0.809	0	0	0	0	0	0.9035	0	0.644	0	0	0	0	0	0	0	0	0.9255	0	0	0.95	0.395	0	0	0	0
chr16_53293243_53293744	0	0	0	0	0	0	0	0	0	0	0	0	0	0	0	0	0	0	0	0	0	0	0	0	0	0	0	0	0	0	0	0	0	0	0	0	0	0	0	0	0	0	0	0	0	0.179	0	0	0	0	0	0	0	0	0	0	0	0	0	0	0	0	0	0	0	0.9965	0	0	0	0	0	0	0	0	0	0	0	0	0	0	0	0	0	0	0	0.7415	0	0	0	0	0	0	0	0	0.8565	0	0	0	0	0	0	0	0	0	0
chr16_53559388_53559889	0	0	0	0	0	0	0	0	0.2935	0.873	0	0	0	0.4535	0.8845	0	0	0.5195	0	0	0.6375	0	0	0	0.2765	0	0.7845	0	0	0.7085	0.5855	0.9885	0	0	0	0	0	0	0	0.294	0	0.669	0	0	0	0	0	0	0	0	0	0	0	0	0.8965	0	0	0	0.425	0.209	0	0	0.7395	0.1665	0	0	0	0.7965	0	0.1315	0.2065	0	0	0	0	0.7405	0.613	0	0	0	0	0	0.996	0.4315	0	0	0	0.398	0	0	0	0.512	0.187	0.1705	0.3655	0.7305	0	0	0	0	0	0	0	0	0
chr16_53560880_53561381	0	0	0	0	0	0	0	0	0.151	0.2715	0	0	0	0	0.6775	0.5915	0.691	0.1845	0	0	0.8195	0	0.5665	0	0.5985	0	0.307	0	0	0	0	0	0	0	0	0	0	0	0.4915	0	0.5805	0	0	0	0	0	0	0	0	0	0	0	0	0	0.205	0	0	0	0	0	0	0	0	0	0	0	0	0	0	0.385	0	0	0	0.436	0.484	0	0	0.296	0.203	0.487	0	0	0	0.32	0	0	0.173	0.6845	0	0	0.45	0	0.188	0	0	0	0	0	0	0	0.3365	0.7945	0	0.543	0
chr16_63324640_63325141	0	0	0	0	0	0	0	0	0	0	0	0	0	0	0	0	0	0	0	0	0	0	0	0	0	0	0	0	0	0	0	0	0	0	0	0	0	0	0.9775	0	0	0	0	0	0	0	0	0	0	0	0	0	0	0.9555	0.8765	0	0	0	0	0	0	0	0	0	0	0	0	0	0	0	1	0	0	0	0	0	0	0	0	0	0	0	0	0	0	0	0	0	0	0	0	0	0	0	0	0.9925	0.3755	0	0	0	0	0.251	0	0	0
chr16_63379869_63380370	0	0	0	0	0	0	0	0	0	0	0	0	0	0	0	0	0	0	0	0	0.623	0	0	0.2995	0.276	0	0	0	0	0	0	0	0	0	0	0	0	0	0.8915	0	0	0	0	0	0.5645	0	0	0	0	0	0	0	0	0.753	0.815	0	0	0	0.5765	0	0	0	0	0	0	0	0	0	0	0.208	0	0	0	0	0	0	0	0	0.2275	0	0	0	0	0	0.4375	0.693	0	0	0	0	0.3585	0	0	0	0	0.835	0	0	0	0	0	0.608	0	0	0
chr16_71179463_71179964	0	0	0	0	0	0.378	0	0	0.675	0	0.695	0	0	0	0.713	0.771	0.2385	0.1465	0	0	0	0	0	0	0	0	0.684	0	0	0	0	0	0	0	0	0	0	0	0	0	0	0	0	0	0	0	0	0	0	0	0	0	0	0.5715	0.7705	0	0	0	0	0	0	0	0	0	0	0.409	0	0	0	0	0	0	0	0	0	0	0	0	0	0	0	0.2135	0	0	0	0.2665	0	0	0.5215	0	0	0	0	0	0	0	0.438	0	0.476	0.2865	0	0	0	0	0
chr16_71180947_71181448	0	0	0	0	0	0	0	0	0	0	0.8	0	0	0	0	0	0	0	0	0	0	0	0	0	0.3815	0	0.5715	0	0	0	0	0.1645	0	0	0	0	0.3035	0.3665	0.408	0	0	0	0	0	0	0.397	0	0.7435	0.755	0.2595	0	0	0	0.1985	0.5055	0	0	0.455	0	0	0	0	0.411	0	0	0.804	0.693	0.7385	0.371	0.762	0	0	0	0.633	0	0	0	0	0.4075	0	0	0	0	0	0	0.4145	0	0	0	0	0	0.432	0	0	0	0.295	0.252	0.433	0.2305	0	0	0.402	0.45	0	0
chr16_73922780_73923281	0.423	0	0	0	0	0	0.6415	0	0	0	0	0	0	0	0	0	0	0	0	0	0.375	0	0	0	0	0	0	0	0	0	0	0	0	0	0	0	0	0.1835	0.227	0	0.889	0	0	0	0	0.9995	0	0	0	0	0	0	0.19	0	0.787	0.96	0	0	0.9655	0.433	0	0	0.9985	0.222	0	0	0	0	0	0.3385	0	0	0	0.527	0.9825	0	0	0	0.9675	0	0	0	0	0	0	0.8175	0	0	0	0	0	0	0	0	0	0	0.9065	0	0	0	0	0	0	0	0
chr16_76534253_76534754	0	0	0	0	0.223	0.9945	0	0	0	0	0	0	0	0	0	0	0	0	0	0	0	0	0	0	0	0	0	0	0	0	0	0	0	0	0	0	0	0	0	0	0	0	0	0.177	0	0	0	0	0	0	0	0	0	0	0	0	0	0	0	0	0	0	0	0	0	0	0	0	0.142	0	0.2615	0	0	0	0.8165	0	0	0	0	0	0.201	0	0	0	0	0.9535	0	0	0.647	0	0	0	0	0	0	0.482	0	0	0	0.9245	0	0.292	0	0	0
chr16_78850197_78850698	0	0.244	0.473	0.3375	0	0	0	0	0	0	0	0	0	0	0	0	0	0	0	0	0	0	0	0	0	0	0	0	0	0	0	0	0	0	0	0	0	0	0	0	0.33	0	0	0	0	0.5075	0	0	0	0	0	0	0	0	0	0	0	0	0	0	0.457	0	0	0	0	0	0	0	0	0	0	0	0	0	0	0	0	0	0	0	0	0.466	0	0	0	0.4325	0	0	0	0	0	0	0	0	0	0.277	0	0	0.57	0	0	0	0	0	0
chr17_3475979_3476480	0	0	0	0	0	0	0	0	0	0	0	0	0	0	0	0	0	0	0	0	0	0	0	0	0	0	0	0	0	0	0	0	0	0	0	0	0	0	0	0	0	0	0	0	0	0	0	0	0	0	0	0	0	0	0	0	0	0	0.833	0	0	0	0	0	0	0	0	0	0	0	0	0	0	0	0	0	0	0	0	0	0	0	0	0	0	0.417	0	0	0	0	0	0	0	0	0	0	0	0	0	0	0	0.3955	0	0	0
chr17_3540807_3541308	0	0	0	0	0.81	0	0	0	0	0	0	0	0	0	0	0	0	0	0	0.41	0	0	0	0	0	0	0	0	0	0	0	0	0	0	0	0	0	0	0.2715	0	0	0	0	0	0	0.2335	0	0	0	0	0	0	0	0.7965	0	0	0	0	0	0	0	0	0.9855	0	0	0	0	0	0	0.9085	0	0	0	0	0.6915	0	0	0	0.4305	0	0	0.9155	0	0	0	0.942	0	0	0.946	0	0	0	0	0	0	0	0.98	0	0.153	0	0	0	0	0	0
chr17_3993680_3994181	0	0	0	0	0	0	0	0	0	0	0.65	0	0	0	0	0	0	0	0	0	0	0	0	0	0	0	0	0	0	0	0	0	0.762	0	0	0	0	0	0	0.745	0	0	0.4515	0	0	0	0	0	0.4195	0	0	0	0	0.179	0.251	0	0	0	0	0	0	0.577	0	0	0	0.6395	0.775	0	0	0	0	0	0	0	0	0.518	0	0	0	0	0	0	0	0	0.479	0.249	0	0	0	0	0	0.2945	0	0	0.854	0	0	0	0.834	0	0	0.336	0.877	0	0
chr17_4260431_4260932	0	0	0	0	0	0	0	0	0.3005	0.186	0	0	0	0	0	0.9205	0.9735	0.6555	0.9935	0	0	0	0	0	0	0	0	0	0	0	0	0	0	0	0	0	0	0	0	0.734	0	0	0	0	0	0.9925	0.8385	0	0	0	0	0	0	0	0.95	0	0	0	0	0	0	0	0	0	0	0.255	0	0.945	0	1	0	0	0	0	0	0	0	0	0.942	0	0	0	0	0	0	0	0	0	0	0	0.981	0	0	0	0	0	0.9825	0	0.121	0	0	0.4295	0	0	0
chr17_15700909_15701410	0	0.543	0	0	0	0	0	0	0	0	0	0	0	0	0	0	0	0	0	0	0	0	0	0.903	0	0	0	0	0	0	0	0	0	0	0	0.1415	0.578	0	0	0	0	0	0	0	0	0	0	0	0	0	0	0	0	0	0	0	0.924	0	0	0	0	0	0	0	0	0	0	0	0	0	0.4535	0	0.966	0	0	0	0	0	0	0	0	0	0	0	0	0.9945	0	0	0	0.4715	0	0	0	0	0	0	0	0	0	0	0	0	0	0.9975	0
chr17_15838113_15838614	0	0	0	0	0	0	0	0	0	0	0	0	0	0	0	0	0	0	0	0	0	0	0	0	0	0	0	0	0	0	0	0	0	0	0	0	0	0	0	0	0	0	0	0.275	0	0	0	0	0	0.1755	0	0	0	0	0	0.719	0	0	0	0	0	0	0.7865	0	0	0	0	0	0	0	0	0	0	0.231	0	0	0	0	0	0	0	0	0	0	0	0	0	0.535	0	0	0	0	0	0	0	0.4805	0	0	0	0	0	0	0	0	0
chr17_18164426_18164927	0	0	0	0	0	0	0	0	0	0	0	0	0	0	0.781	0	0	0	0	0	0	0	0	0	0	0	0	0	0	0	0	0	0	0	0	0	0	0	0	0	0	0	0	0	0	0	0	0	0	0	0	0	0	0.427	0	0	0	0	0	0	0	0	0	0	0	0	0	0	0	0	0	0	0	0	0	0	0	0	0	0	0	0	0	0	0	0	0	0	0	0	0	0	0	0	0	0	0	0	0	0	0	0.7235	0	0	0
chr17_18244835_18245336	0	0	0	0	0	0	0	0.498	0	0	0	0	0	0	0	0	0	0	0	0	0	0	0	0	0	0	0	0	0	0	0	0	0	0	0	0	0.997	0	0	0	0	0	0	0	0	0	0	0	0	0	0	0	0	0.9775	0	0	0	0	0	0	0	0	0	0	0	0	0	0	0	0	0	0	0.818	0	0	0	0	0	0	0	0	0	0	0	0	0	0	0	0	0.5315	0.9345	0	0	0	0	0	0	0	0	0	0	0	0	0.146	0
chr17_18316443_18316944	0	0	0	0	0	0	0	0	0	0	0	0	0	0	0	0	0	0	0	0	0.3405	0	0.3105	0	0.429	0	0.3775	0	0	0	0	0	0	0	0	0	0	0	0.197	0	0.451	0.1535	0.9345	0.7155	0	0	0.483	0	0	0	0	0	0	0.594	0.7015	0	0	0	0.266	0	0.623	0	0.154	0	0	0	0	0.605	0	0.539	0.757	0	0	0	0	0	0	0.5705	0.2925	0.4465	0	0	0	0.413	0	0	0	0.196	0	0	0	0	0.5815	0	0	0	0.2695	0	0	0	0	0.718	0	0	0
chr17_22662756_22663257	0	0	0	0	0	0	0	0	0	0	0	0	0	0	0	0	0	0	0	0	0.576	0	0	0	0	0	0	0	0	0	0	0	0	0	0	0	0	0	0	0	0	0	0	0	0	0	0	0	0	0	0	0	0	1	0	0	0	0	0	0	0	0	0	0	0	0	0	0	0	0	0	0	0	0	0	0	0	0	0	0	0	0	0	0	0	0	0	0	0	0	0	0	0	0	0	0	0	0	0	0	0	0	0	0	0
chr17_26935002_26935503	0	0	0	0	0	0	0	0	0	0	0	0	0	0	0	0	0	0	0	0.8885	0	0	0	0.8845	0	0	0	0	0	0	0	0	0	0	0	0.774	0.9405	0.9985	0	0	0	0	0	0	0	0	0	0	0	0	0	0	0	0	0	0	0.231	0	0	0	0	0	0	0	0	0	0	0	0	0	0	0	0.133	0	0	0	0	0	0	0	0	0	0	0	0	0.5475	0	0.205	0	0.2245	0	0	0	0	0	0.2495	0	0	0	1	0.9845	0	0	0	0
chr17_30917922_30918423	0	0	0	0	0	0	0	0	0.5445	0.6005	0	0.128	0.46	0.408	0.2185	0.624	0.702	0.751	0.173	0	0	0	0	0	0	0	0	0	0.958	0.443	0.278	0	0	0.8225	0.3955	0	0	0	0	0.3085	0	0	0	0	0	0	0.4455	0	0	0	0	0	0	0.4765	0	0	0	0	0.169	0	0	0	0	0	0	0	0.632	0.325	0	0	0	0	0	0	0	0	0.5045	0	0	0	0	0	0.671	0	0	0	0	0	0	0	0	0	0	0	0	0	0	0	0	0	0	0.564	0	0	0
chr18_21186510_21187011	0.2975	0	0	0	0	0	0.909	0	0	0	0	0	0	0	0	0	0	0	0	0	0.278	0	0	0	0	0	0.957	0	0	0	0	0	0	0	0	0.135	0	0	0.2295	0	0.68	0	0	0	0	0	0	0	0	0	0.2935	0.995	0	0	0	0.227	0	0.963	0	0	0	0	0	0	0	0	0	0	0	0	0	0	0	0	0	0	0	0	0	0	0	0	0	0	0	0.941	0	0	0	0	0	0	0	0	0	0.6305	0	0	0.8545	0	0	0	0	0	0
chr18_21262553_21263054	0	0	0	0	0	0	0	0	0	0	0	0	0	0	0	0	0	0	0	0	0	0	0	0	0	0	0	0	0	0	0	0	0	0	0	0	0	0	0	0	0	0	0	0	0	0	0	0	0	0	0	0	0	0.436	0	0	0	0	0.9725	0	0	0	0	0	0	0	0	0	0	0	0	0	0	0	0	0.2425	0	0	0	0	0	0	0	0	0	0.6415	0	1	0	0	0	0	0	0	0	0.7665	0.3845	0	0	0	0	0	0	0	0
chr18_31392004_31392505	0	0	0	0.188	0	0	0	0	0.1505	0	0	0	0	0	0	0	0	0.4585	0	0	0.1435	0	0.4595	0	0	0	0	0	0	0	0	0.5215	0	0	0	0	0	0	0.444	0.5875	0.16	0	0.1515	0	0	0.4105	0.598	0	0.2795	0	0	0	0	0	0.231	0	0	0	0	0	0	0	0	0.6385	0	0.7125	0.238	0.866	0.348	0	0	0	0	0	0	0	0	0.1495	0.1575	0	0	0	0	0.131	0.5345	0	0.3535	0.7755	0	0	0	0	0	0	0	0	0.175	0	0	0	0	0.224	0	0	0
chr18_35685350_35685851	0	0	0	0	0.4325	0	0	0	0	0	0	0	0	0	0	0	0	0	0	0	0	0	0	0.963	0	0	0	0	0	0	0	0	0	0	0	0	0	0	0.565	0	0.7235	0	0	0	0	0	0	0	0	0	0.176	0	0.4475	0	0	0.662	0	0	0.135	0	0	0.151	0.273	0.219	0	0.254	0	0.45	0	0.4475	0	0	0	0	0	0	0.1345	0.2195	0.9335	0.5835	0	0	0	0	0	0	0	0.272	0	0	0	0	0	0	0	0.2195	0.883	0	0	0	0.1335	0.2965	0	0	0
chr18_35686043_35686544	0	0	0	0.8425	0	0.1285	0	0	0.9705	0.3465	0	0	0.5795	0.9955	0.6395	0	0.2	0.741	0.6625	0	0.788	0.199	0.278	0	0	0	0.8525	0.212	0	1	0	0	0.723	0	0	0	0	0	0.4695	0.2685	0.2305	0	1	0	0	0.295	0.2375	0	0.2575	0	0	0	0.9225	0	0.307	0	0	0	0.2195	0	0.382	0.3245	0.1715	0	0.1795	0	0	0	0	0.673	0	0.1665	0	0	0.9645	0	0.2815	0.7705	0.379	0	0	0	0.2	0.947	0.7595	0.889	0	0	0	0	0	0	0	0	0	0	0	0	0.236	0	0	0.264	0.276	0	0.6695
chr18_37598838_37599339	0.969	0	0	0	0	0	0	0	0	0	0	0	0	0	0	0	0	0	0	0	0	0	0	0.2405	0	0	0	0	0	0	0	0	0	0	0	0	0	0	0	0	0	0	0	0	0.346	0	0	0.865	0	0	0	0	0	0	0	0	0.486	0	0	0	0	0	0	0	0	0	0	0	0	0	0	0	0.7135	0	0	0	0	0	0	0	0	0	0	0	0	0	0	0	0	0.8555	0	0	0	0	0.931	0	0	0	0	0	0	0	0	0	0
chr18_37643995_37644496	0	0	0	0	0	0	0	0	0	0	0	0	0	0	0	0	0	0	0	0	0	0.315	0	0	0	0	0	0	0	0	0	0	0	0	0	0	0	0	0.592	0	0	0	0	0	0	0	0	0	0	0	0	0	0	0	0	0	0	0	0	0.162	0	0	0	0	0	0	0.202	0	0	0	0	0	0	0	0.6135	0	0	0	0	0	0	0.7925	0	0	0	0.897	0	0	0.988	0	0	0	0	0	0	0	0.894	0	0	0.822	0	0	0	0	0
chr18_54303833_54304334	0	0	0	0	0	0	0	0	0	0	0	0	0	0	0	0	0	0	0	0	0	0	0	0	0	0	0	0	0	0	0	0	0	0	0	0	0	0	0	0	0	0	0	1	0	0	0	0	0	0	0	0	0	0.5345	0	0	0	0	0	0	0	0	0	0	0	0	0	0	0	0	0	0	0	0	0	0	0	0	0	0	0	0	0	0	0	0	0	0	0	0	0	0	0	0	0	0	0	0	0	0	0	0	0	0	0
chr18_72969008_72969509	0	0	0	0	0	0	0	0	0.3135	0.7795	0	0.127	0.6375	0.3735	0	0.299	0.391	0.799	0.6915	0	0	0	0	0	0	0	0	0	0	0	0	0	0.2205	0.279	0	0	0	0	0.419	0.485	0.3085	0	0.5475	0	0	0.4395	0	0	0.6745	0.355	0	0	0	0	0.483	0	0	0	0	0	0.2395	0.7395	0	0.8085	0	0.8005	0.1915	0.878	0	0.496	0	0	0	0	0	0	0.6655	0	0.507	0	0	0	0	0.1945	0	0	0.482	0.61	0.6035	0	0.596	0.324	0	0	0	0.188	0	0.661	0	0	0	0.2485	0	0	0
chr19_1016925_1017426	0	0	0	0	0	0	0	0	0	0	0	0	0	0	0	0	0	0	0	0	0	0	0	0	0	0	0	0	0	0	0	0	0	0	0	0	0	0	0	0	0	0	0	0	0	0.351	0	0	0.9645	0	0	0	0	0	0.9715	0	0	0.961	0.7615	0	0	0.9355	0	0.8195	0	0.775	0.4335	0.3965	0	0	0	0	0	0	0	0	0	0	0	0	0.9965	0	0	0.997	0	0.994	0	1	0	0	0	0	0	0	0	0	0	0	0	0	0	0.251	0	0	0
chr19_9110913_9111414	0	0	0	0	0	0	0	0	0.569	0.8	0	0.7215	0.288	0.33	0	0.2235	0.905	0.5295	0.4235	0	0.3305	0	0	0	0.339	0	0	0	0.341	0.168	0.297	0	0	0.3895	0.124	0	0	0	0.538	0.4485	0.1405	0	0	0	0.6055	0.297	0.7085	0	0	0	0.524	0	0	0.4045	0.185	0	0	0	0.396	0	0	0	0.6415	0	0	0.5545	0	0.602	0.328	0.154	0.817	0	0	0.542	0.207	0	0.365	0	0.547	0	0	0	0	0.456	0	0.5905	0	0.4545	0	0	0.34	0.19	0	0	0	0.1355	0	0	0.618	0.409	0	0.309	0	0	0
chr19_9626790_9627291	0	0	0	0	0	0	0	0	0	0	0	0	0	0	0	0	0	0	0	0	0	0	0	0	0	0	0	0	0	0	0	0	0	0	0	0.2985	0	0	0	0	0	0	0	0	0.992	0	0	0	0	0	0	0	0	0	0	0.253	0	0.151	0	0.5995	0	0	0	0	0	0	0	0	0	0	0	0	0	0	0.6905	0	0	0	0	0	0	0	0	0	0	0.996	0	0	0	0	0	0	0	0	0	0.5455	0.9805	0	0	0	0.993	0.995	0	0	0
chr19_9638568_9639069	0	0	0	0	0.6395	0	0	0	0	0	0	0	0	0	0	0	0	0	0	0	1	0	0	0	0	0	0	0	0	0	0	0	0.9985	0	0	0	0	0	0	0	0	0	0	0	0	0	0	0	0	0	0.9685	0	0	0	0	0.1375	0	0	0	0	0	0	0	0	0.4805	0	0	0	0	0	0	0	0	0	0.8245	0	0	0.912	0	0	0	0	0	0	0	0	0	0	0	0	0	0	0	0	0	1	0.237	0	0.216	0	0	0	0	0	0
chr19_10852595_10853096	0	0	0	0	0	0	0	0	0	0	0	0	0	0	0	0	0	0.694	0	0	0	0	0	0	0	0	0.1785	0	0	0	0	0	0.5085	0	0	0	0	0	0.154	0	0	0	0	0	0	0	0.642	0	0	0	0	0	0	0	0.729	0	0	0	0.224	0	0	0	0	0.226	0.614	0	0	0	0.7325	0.7655	0	0	0	0	0	0	0	0.633	0.3075	0.381	0	0	0	0	0	0	0	0.37	0	0	0.7365	0	0	0	0	0.7135	0.7475	0.528	0	0	0	0.1745	0	0.7875	0
chr19_34450137_34450638	0	0	0	0	0.87	0.4985	0	0	0.2025	0.227	0	0.9365	0	0	0	0	0	0	0.9555	0	0.203	0.6125	0.9775	0	0.9785	0	0	1	0	0.994	0	0	0.272	0	0	0	0	0	0.7445	0.3645	0.874	0	0	0	0	0.547	0.814	0.2335	0.8325	0	0	0	0.9905	0	0.9675	0	0	0	0.1795	0	0	0	0.934	0.945	0.982	0	0.998	0	0.9415	0.168	0	0.986	0	0	0	0	0	0.7795	0.334	0	0	0	0	0.3305	0	0.947	0.822	0.9955	0	0	0.8865	0.131	0.682	0	0	0.9805	0	0	0.3285	0	0	0.363	0.2885	0.5955	0
chr19_34476215_34476716	0	0.3225	0.501	0	0	0	0.998	0	0	0	0	0	0	0	0	0	0	0	0	0	0	0	0	0	0	0	0	0	0	0	0	0	0	0	0	0	0	0	0.655	0	0.7105	0	0	0.205	0	0.919	0	0.8775	0	0	0	0	0	0	0	0	0	0	0.1655	0	0	0	0	0.1815	0	0	0	0	0	0.6295	0	0	0	0	0.679	0	0	0.192	0.8665	0.2085	0	0	0.837	0	0.602	0.482	0	0	0.2795	0	0.305	0.4615	0	0	0	0.1135	0.2245	0	0	0	0.57	0.409	0	0	0
chr19_34560742_34561243	0	0	0	0	0	0	0	0	0	0	0	0	0	0	0	0	0	0	0	0	0	0	0	0	0	0	0	0	0	0	0	0	0	0	0	0	0	0.331	0	0	0	0	0	0	0	0	0	0	0	0	0	0	0	0	0	0	0	0	0	0	0	0	0	0	0	0	0	0	0	0	0	0	0	0	0	0	0	0	0	0	0	0	0	0	0	0	0	0	0	0	0	0	0	0	0	0	0	0	0	0	0	0	0	0.746	0
chr19_34690558_34691059	0	0	0	0	0.9905	0	0	0	0	0	0	0	0	0	0	0	0	0	0	0.2385	0	0.5475	0	0	0	0	0	0	0	0	0	0	0	0	0	0	0	0	0	0	0	0	0	0	0	0	0	0	0	0	0	0	0.1565	0.986	0	0	0	0	0.9675	0	0	0	0.8385	0.649	0	0	0	0	0	0	0.99	0	0	0	0	0	0	0	0.4605	0	0	0	0	0	0	0	0	0	0	0	0.9975	0	0	0	0	0	0	0	0	0	0	0.9285	0	0	0
chr19_46117155_46117656	0	0	0	0.306	0	0	0	0	0.841	0.8685	0.6295	0	0	0	0	0.71	0.8445	0.4995	0.7365	0	0	0	0	0	0	0	0.691	0	0.971	0	0.558	0	0.404	0	0	0	0	0	0	0.765	0	0	0.7485	0	0	0	0	0	0.4835	0	0	0	0	0	0.3985	0	0	0	0	0	0	0	0	0	0	0.722	0	0.6595	0	0	0.191	0	0	0	0	0	0.6245	0	0	0	0	0	0	0	0.6145	0.796	0	0.2105	0	0	0.7165	0.205	0	0.189	0	0	0	0	0	0	0	0	0	0	0
chr19_46187561_46188062	0	0	0	0	0	0	0	0	0	0	0	0	0	0	0	0	0	0	0	0	0	0	0	0	0	0	0	0	0	0	0	0	0	0	0	0	0	0	0	0	0	0	0	0	0	0	0	0	0	0	0	0	0	0.5005	0	0	0	0	0	0	0	0	0	0	0	0	0	0	0	0	0	0	0	0	0	0	0	0	0	0	0	0	0	0	0	0	0	0	0	0	0	0	0	0	0	0	0	0	0	0	0	0	0	0	0
chr19_48688134_48688635	0	0	0	0	0	0	0	0	0	0	1	0	0	0	0	0	0	0	0	0	0.999	0	0	0	1	0	0.921	0	0	0	0	0	0	0	0	0	0	0.273	0.262	0	0.189	0	0	0	0	0	0	0	0	0	0	0	0.9085	0.665	0	0	0	0	0.4625	0	0	0	0	0	0	0	0	0	0	1	0	0	0	0	0.999	0.5635	0	0	0	0	0	0	0	0	0	0	0	0	0	0	0	0	0	0.962	0	0	0	0	0	0	0	0	0	0	0
chr19_48908130_48908631	0	0	0	0	0	0	0	0	0	0	0	0	0	0	0	0	0	0	0	0	0	0	0	0.431	0	0	0	0	0	0	0	0	0	0	0	0.725	0	0	0	0	0	0	0	1	0.8185	0	0	0	0	0	0.9995	0	0	0	0	0.294	0.1965	0	0	0	0	0	0	0	0	0	0	0	0	0	0	0	0.8105	0	0	0	0	0	0	0	0.364	0	0	0	0	0	0	0	0	0.983	0.9485	0	0	0	0	0.665	0.996	0	0	0	0	0	0	0	0
chr2_4365662_4366163	0	0	0	0	0.5045	0	0	0	0	0	0	0	0	0	0	0	0	0	0	0	0	0	0	0	0.185	0	0	0	0	0	0	0	0	0	0	0	0	0	0	0	0	0	0	0	0	0.671	0	0	0	0	0	0.8505	0	0.1915	0	0	0	0	0	0	0	0	0	0	0	0	0	0	0.843	0	0	0	0	0.804	0	0	0	0	0	0	0	0	0	0	0	0.3645	0	0	0	0	0	0	0	0.1695	0	0	0	0	0	0.603	0	0	0.369	0	0
chr2_12002865_12003366	0.9935	0	0	0	0	0	0	0	0	0	0	0	0	0	0	0	0	0	0	0	0	0	0	0.4915	0	0	0	0	0	0	0	0	0	0	0	0	0	0	0	0	0	0	0	0	0	0	0	0	0	0	0	0	0	0	0	0	0	0	0	0	0	0	0	0	0	0	0	0	0	0	0	0	0	0	0	0	0	0	0	0	0	0	0.147	0	0	0.7785	0	0	0	0	0	0	0	0	0	0	0.3495	0	0	0	0	0	0	0	0
chr2_22987112_22987613	0	1	0	0	0.4165	0	0	0.5865	0	0	0	0	0	0	0	0	0	0	0	0	0	0	0	0	0	0	0	0	0	0	0	0	0	0	0	0	0	0	0	0	0	0	0	0	0.322	0	0	0	0	0	0	0	0	0	0	0	0	0	0	0	0	0	0	0	0	0	0	0	0	0	0	0	0	0	0	0	0	0	0	0	0	0	0	0	0	0	0	0	0	0	0	0	0	0	0	0	0	0	0	0	0	0	0	0	0
chr2_23171387_23171888	0	0	0.98	0	0	0	0	0	0	0	0	0	0	0	0	0	0	0	0	0	0	0	0	0	0	0	0	0	0	0	0	0	0	0	0	0	0	0	0	0	0	0	0	0	0	0	0	0	0	0	0	0	0	0.988	0	0	0	0	0	0.69	0	0	0	0	0	0	0	0	0	0	0.1455	0	0	0	0	0	0	0	0	0	0	0	0	0	0	0.9875	0	0	0	0	0	0	0	0	0	0	0	0	0.7885	0	0	0	0	0	0
chr2_23367308_23367809	0	0	0	0	0.8585	0	0	0	0	0	0	0	0	0	0	0	0	0	0	0	0	0	0	0.4025	0	0	0	0	0	0	0	0	0	0	0	0	0	0	0	0	0	1	0	0	0	0	0	0	0	0	0	0	0	0	0	0	0.1895	0	0.431	0	0	0	0	0	0	0	0	0	0	0	0	0	0.9655	0	0	0	0	0	0	0	0	0	0	0	0	0	0	0	0	0.8475	0	0	0	0.1675	0	0	0	0	0	0	0	0	0	0	0
chr2_29964231_29964732	0	0	0	0	0	0	0	0	0	0	0	0	0	0	0	0.4525	0	0.2045	0	0	0	0	0	0	0	0	0	0	0	0	0	0	0	0	0	0	0	0	0	0	0	0	0	0	0	0.653	0.1535	0	0	0	0	0	0.541	0	0.167	0	0	0	0	0	0	0	0	0.135	0.2565	0.348	0.327	0	0.283	0	0.354	0	0	0	0	0	0	0	0	0	0	0	0	0	0.705	0.468	0.166	0.461	0	0	0	0	0	0	0.25	0	0	0	0.379	0	0	0.305	0	0	0
chr2_48321648_48322149	0	0	0	0	0	0	0	0	0	0	0.2325	0	0	0	0	0	0	0	0	0	0	0	0	0	0	0	0.1335	0	0	0	0	0.3795	0	0	0	0	0	0	0	0	0	0	0.7325	0	0	0.704	0.3975	0	0	0	0	0	0	0	0	0	0	0	0	0	0	0.224	0	0	0	0	0	0.5995	0.5955	0	0	0	0	0.1795	0	0	0	0	0.348	0	0	0	0	0	0.616	0	0	0.602	0	0	0	0	0	0	0	0	0	0	0	0	0	0.409	0	0.2305	0
chr2_48322396_48322897	0	0	0	0	0	0	0	0	0	0	0	0	0	0	0	0	0	0	0	0	0	0	0	0	0	0	0.149	0	0	0	0	0	0	0	0	0	0	0	0	0	0	0	0	0	0	0.877	0	0	0	0	0	0	0	0.2885	0	0	0	0	0	0	0	0	0	0	0	0	0	0	0	0	0	0	0	0	0	0	0	0	0	0	0	0	0	0	0	0	0	0	0	0	0	0	0	0	0	0	0	0	0	0	0	0	0	0	0
chr2_48667461_48667962	0	0	0	0	0	0	0	0.4225	0	0	0	0	0	0	0	0	0	0	0	0	0	0	0	0.363	0	0	0	0	0	0	0	0	0	0	0	0.348	0	0	0	0	0	0	0	0	0	0	0	0	0	0	0	0	0	0.983	0	0	0	0	0	0	0	0	0	0	0	0	0	0	0	0	0.967	0	0	0	0	0	0	0	0	0	0	0	0	0	0	0.8645	0	0	0	0.798	0	0	0	0	0	0	0	0	0	0	0	0	0	0	0
chr2_83853705_83854206	0	0	0	0	0	0	0	0	0	0	0	0	0	0	0	0	0	0	0	0	0	0	0	0	0	0	0	0	0	0	0	0	0	0	0	0	0	0	0	0	0	0	0	0	0	0	0	0	0	0	0	0	0	0	0	0	0	0	0	0	0	0	0	0	0	0	0	0	0	0	0	0	0	0	0.547	0	0	0	0	0	0	0	0	0	0	0	0	0	0	0	0	0	0	0	0	0	0	0	0	0.801	0	0	0	0	0
chr2_83912599_83913100	0	0	0	0	0	0	0	0	0	0	0	0	0	0	0	0	0	0	0	0	0	0	0	0	0	0.8295	0	0	0	0	0	0	0	0	0	0	0	0	0	0	0	0	0	0	0	0	0	0	0	0	0	0	0	0	0	0	0	0	0	0	0	0	0	0	0	0	0	0	0	0	0	0.1225	0	0	0	0	0	0	0	0	0	0	0	0	0	0.6405	0	0	0	0	0	0	0	0	0	0	0	0	0	0	0	0	0	0	0
chr2_92366309_92366810	0	0	0	0	0	0	0	0	0	0	0	0	0	0	0	0	0	0	0	0	0	0	0	0	0	0	0	0	0	0	0	0	0	0	0	0	0	0	0	0	0	0	0	0	0	0	0.626	0	0	0	0	0.6395	0	0	0	0	0	0.2495	0	0	0	0	0	0	0	0	0	0	0	0	0	0	0	0	0	0	0.3065	0	0	0	0	0	0	0	0.3165	0.32	0.6015	0	0.23	0	0	0	0	0	0	0	0	0	0	0	0	0.264	0	0	0.321
chr2_103367351_103367852	0	0	0	0	0	0	0	0	0	0	0	0	0	0	0	0	0	0	0	0	0	0	0	0	0	0	0	0	0	0	0	0	0	0	0	0	0	0	0	0	0	0	0	0	0.1545	0	0	0	0	0	0.9655	0	0	0	0	0	0.2865	0	0	0	0	0	0	0	0	0	0	0	0	0	0	0	0.711	0	0	0	0	0	0	0	0	0	0	0	0	0	0	0	0.726	0.677	0	0	0	0	0	0	0	0	0	0	0	0	0	0	0
chr2_110072886_110073387	0	0	0	0	0	0	0	0	0.42	0.9605	0	0.6335	0.616	0.326	0.5315	0.44	0.2045	0.5455	0.584	0	0.7605	0	0	0	0	0	0.6915	0	0.4255	0.52	0.182	0	0	0.36	0.2565	0	0	0	0.752	0.1915	0.182	0	0	0	0	0	0	0	0	0	0	0	0.8	0.5605	0.7295	0	0	0	0	0	0.798	0	0	0	0	0.658	0	0.3735	0.1685	0.4045	0.212	0	0	0.261	0	0	0.4365	0	0.2285	0.1235	0	0	0.3995	0	0	0	0.902	0	0	0	0	0	0	0	0	0	0.4755	0	0.3635	0.819	0	0.6415	0	0	0
chr2_110073921_110074422	0	0	0	0	0	0	0	0	0	0	0	0	0	0	0	0	0	0	0	0	0	0	0	0	0	0	0	0	0	0	0	0	0	0	0	0	0	0	0	0	0	0	0	0	0	0	0	0	0	0	0	0	0	0	0	0	0	0	0	0.655	0	0	0	0	0	0	0	0	0	0.986	0	0	0	0	0	0	0	0	0	0	0	0	0	0	0	0	0	0	0	0	0	0	0	0	0.2045	0	0	0	0	0	0	0	0	0	0
chr2_113892959_113893460	0	0	0	0	0	0	0	0	0	0	0	0	0	0	0	0	0	0	0	0	0	0	0	0.301	0	0	0	0	0	0	0	0	0	0	0	0	0	0	0	0	0.143	0	0	0	0	0	0	0	0	0	0	0	0.5775	0.733	0.731	0	0	0	0	0	0	0	0	0	0	0	0	0	0	0.5565	0	0	0	0	0	0.4355	0	0.1605	0	0	0	0	0	0	0.253	0	0	0.2165	0	0	0	0	0	0	0	0	0	0	0	0	0	0.528	0	0	0
chr2_125075468_125075969	0	0.5715	0	0	0	0	0	0	0	0	0	0	0	0	0	0	0	0	0	0	0	0	0	0	0	0	0	0	0	0	0	0	0	0	0	0	0	0	0.774	0	0.187	0	0	0	0	0	0	0	0.503	0	0	0	0	0	0.283	0	0	0	0	0	0	0	0	0.5565	0	0.3765	0	0.215	0	0.5655	0	0	0	0.136	0	0	0	0	0.587	0	0	0	0.8805	0.166	0	0	0	0.2735	0	0	0	0	0	0.4235	0	0.477	0	0	0	0	0	0.227	0	0	0
chr2_127110924_127111425	0	0	0	0	0	0	0	0	0	0	0	0	0	0	0	0	0	0	0	0	0.8055	0	0	0	0	0	0	0	0	0	0	0	0	0	0	0.997	0	0	0.15	0	0.3145	0	0	0	0	0	0	0	0	0	0	0	0	0	0	0	0.3455	0	0	0	0	0	0	0	0	0	0	0	0	0	0	0	0	0	0	0	0	0	0	0	0	0	0	0	0	0	0	0	0	0	0	0.254	0	0	0	0	0	0	0	0	0	0	0	0	0
chr2_127665779_127666280	0	0	0.4405	0	0	0.881	0	0	0	0	0	0	0	0	0	0	0	0	0	0	0	0	0	0.348	0	0	0.3695	0.593	0	0	0	0	0	0	0	0	0	0	0	0	0	0	0	0	0	0.458	0.117	0	0	0	0	0	0	0	0.7975	0	0	0	0.1855	0	0.3125	0	0	0.615	0	0	0.447	0	0.13	0	0	0	0	0	0	0	0	0	0	0	0	0	0	0	0.658	0	0	0.867	0	0	0	0	0	0	0	0.6565	0	0	0.249	0	0	0.8245	0	0.668	0
chr2_134148973_134149474	0	0	0	0	0	0	0	0	0	0	0	0	0	0	0	0	0	0	0	0	0	0	0	0	0	0	0	0	0	0	0	0	0	0	0	0.5385	0	0	0	0	0	0	0	0	0.966	0	0	0	0	0	0	0	0	0	0	0	0	0	0	0	0	0	0	0	0	0	0	0	0	0	0	0	0	0	0	0	0	0	0	0	0	0	0	0	0	0.553	0	0	0	0	0	0	0	0	0	0	0	0	0.941	0	0	0	0	0	0
chr2_134454954_134455455	0	0	0	0.622	0	0	0	0	0	0.7355	0	0	0	0	0	0	0.7605	0	0.313	0	0	0.597	0.181	0	0	0	0	0	0	0	0	0.672	0	0	0	0	0	0	0.4175	0.866	0	0	0	0	0	0.2285	0	0	0	0	0	0	0	0	0.46	0.212	0	0	0.278	0.5535	0	0	0	0	0.184	0	0	0	0	0.2915	0	0	0	0	0	0	0.502	0	0.3295	0	0	0	0.22	0.2305	0.5055	0	0	0.3105	0	0	0	0	0	0	0	0.197	0	0	0	0	0	0.673	0	0.231	0
chr2_134510843_134511344	0	0	0	0	0	0	0	0	0	0	0	0	0	0	0	0	0	0	0	0	0	0	0	0	0	0	0	0	0	0	0	0	0	0	0	0	0	0	0	0	0	0	0	0	0	0	0	0	0	0	0	0	0	0	0	0	0	0	0	0	0	0	0	0	0	0	0	0	0	0	0	0	0	0	0	0	0	0	0	0	0	0	0	0	0	0.829	0	0	0	0	0	0	0	0.4625	0.481	0	0	0	0	0	0	0	0	0	0
chr2_142566096_142566597	0	0	0	0	0	0	0	0	0	0	0	0	0	0	0	0	0	0	0	0	0	0.493	0	0	0	0	0	0	0	0.167	0	0	0	0	0	0	0	0	0	0	0	0	0	0	0	0	0	0	0	0	0	0	0.569	0.4125	0.732	0	0	0	0.715	0	0	0	0	0	0	0	0	0	0	0	0	0	0	0	0	0	0	0	0	0	0	0	0	0	0	0.4415	0	0	0	0	0	0	0	0	0	0	0	0	0	0	0	0.562	0	0.306	0
chr2_146578523_146579024	0	0.592	0	0	0	0	0	0	0.399	0.435	0	0	0.3955	0.2025	0.2665	0	0.783	0.6055	0.2055	0	0.27	0.621	0	0	0	0.5475	0.156	0.4505	0.367	0	0.4565	0.118	0.273	0	0.942	0	0	0	0.2945	0.6245	0	0.2465	0	0.259	0	0	0	0	0	0	0	0	0	0.259	0.5675	0	0	0	0	0	0	0	0	0.758	0.482	0	0.2595	0	0.202	0	0	0.347	0	0	0	0	0.525	0	0.5695	0	0.2205	0	0.5355	0	0.359	0	0	0.6645	0	0	0.1355	0	0	0	0	0.3355	0	0	0	0	0	0.4805	0	0	0
chr2_146812406_146812907	0	0	0	0	0	0	0	0	0	0	0	0	0	0	0	0	0	0	0	0	0	0	0	0.984	0	0	0	0	0	0	0	0	0	0	0	0	0	0	0	0	0	0	0	0	0	0	0	0	0	0	0	0	0	0.199	0	0	0	0	0	0	0	0	0	0	0	0	0	0	0	0	0.955	0	0	0	0	0	0	0	0	0	0.951	0	0	0	0	0	0	0	0	0	0	0	0.898	0	0.226	0	0	0.421	0	0	0	0	0	0	0
chr2_150588274_150588775	0	0	0	0	0	0.449	0	0	0	0	0	0	0	0	0	0	0	0	0	0	0.168	0	0	0	0	0	0	0.959	0	0	0	0	0	0	0	0	0	0	0.693	0	0	0	0	0	0	0	0	0	0	0	0	0	0	0	0	0.482	0	0	0.4845	0	0	0	0	0	0	0	0	0	0	0	0	0.2365	0	0	0	0	0.891	0	0.665	0.2005	0	0	0	0	0	0.1855	0	0	0.204	0	0	0	0	0	0	0.7275	0.811	0	0.211	0	0	0.2045	0	0	0
chr2_152262187_152262688	0	0	0	0	0	0	0	0	0	0	0	0	0	0	0	0	0	0	0	0	0	0.964	0	0	0	0	0	0	0	0	0	0	0	0	0	0	0	0	0.3375	0	0	0	0	1	0	0	0	0	0	0	0	0	0	0	0	0	0	0	0	0.4855	0	0	0	0	0	0	0	0	0	0	1	0	0	0.4365	0	0	0	0	0.245	0.984	0	0	0	0	0	0	0.4235	0	0	0.995	0.897	0	0	0	0	0	0	0	0	0	0	0	0	0	0
chr2_153897332_153897833	0	0	0	0	0	0	0	0	0	0	0	0	0	0	0	0.183	0.6025	0.4095	0	0	0	0	0	0	0	0	0	0	0	0	0	0	0	0	0	0	0	0	0	0	0	0	0	0	0	0.6525	0	0	0	0	0	0	0	0	0	0	0	0	0	0	0	0	0	0	0	0	0	0	0	0	0.363	0	0	0	0	0	0	0	0	0	0	0	0	0	0	0	0	0	0	0	0	0	0	0	0	0	0	0	0	0	0	0	0	0	0
chr2_181868883_181869384	0.9975	0	0	0	0	0	1	0	0	0	0.1575	0	0	0	0.7045	0	0	0	0	0	0.974	0	0	0	0	0	1	0	0	0	0	0.7745	0.5895	0	0	0	0	0	0	0.9345	0.487	0	0	0	0	0	0	0	0	0	0	0.804	0	0	0.997	0	0	0	0	0	0	0	0	0	0.9985	0	0	0.9455	0	0	0	0	0	0	0	0	0	0	0	0.892	0	0	0	0.967	0	0	0	1	0	0	0	0	0	0	0	0.952	0	0	0	0.9	0	0	0.1815	0	0
chr20_724791_725292	0	0	0	0	0	0	0	0	0	0	0	0	0	0	0	0.1905	0	0	0	0	0	0	0	0	0	0	0	0	0	0	0	0	0	0	0	0	0	0.1845	0	0	0	0	0	0	0	0	0	0	0.1965	0	0	0	0	0	0	0	0	0	0	0.2005	0	0	0	0	0	0	0	0	0.195	0	0	0	0	0	0	0	0	0	0	0	0	0	0	0	0	0	0	0	0	0	0	0	0	0	0.288	0.7435	0	0	0	0	0	0	0	0	0
chr20_740673_741174	0	0.448	0.2785	0	0	0.1755	0	0	0	0	0	0	0	0	0	0	0	0	0	0	0	0.237	0	0	0	0	0	0.5565	0	0	0	0	0	0	0	0	0	0	0.304	0	0.188	0	0	0	0	0.9055	0	0	0	0	0	0	0	0	0	0.1955	0	0	0.812	0	0	0	0.7415	0	0.136	0	0	0.641	0	0	0	0.38	0	0	0	0	0	0.703	0.752	0.253	0	0	0	0	0	0.142	0.4215	0	0.2905	0	0	0.2485	0	0	0	0.5325	0.4385	0	0.7995	0	0	0.5355	0	0	0.761
chr20_2117897_2118398	0	0	0	0	0	0	0	0	0	0	0	0.1845	0.29	0	0	0	0	0	0	0	0	0	0	0	0	0	0	0.8675	0	0	0	0	0	0	0.193	0	0	0	0	0	0	0	0	0	0	0	0	0	0	0	0	0	0	0	0	0	0	0	0	0	0	0	0	0	0	0.87	0.418	0	0	0.9965	0.3025	0	0	0	0	0	0	0	0	0	0	0	0	0	0	0.1335	0	0	0	0	0	0	0	0	0.9885	0.138	0	0	0.9725	0	0	0	0	0.7495	0.307
chr20_2269586_2270087	0	0	0	0	0	0	0	0	0	0	0.2655	0	0	0	0.4715	0	0	0	0	0	0	0	0.156	0	0	0	0.128	0	0	0	0	0	0	0	0	0	0.156	0	0.63	0	0	0	0	0	0	0	0	0	0	0	0	0	0	0.8205	0	0	0	0	0	0	0	0	0	0	0	0	0	0	0	0.4785	0	0	0	0.685	0	0	0	0	0	0.2045	0	0	0	0	0	0.217	0.188	0	0	0	0	0	0	0	0	0.6755	0	0	0.661	0	0.5305	0.273	0	0	0
chr20_2762028_2762529	0	0.6205	0.786	0.207	0	0	0	0	0.866	0.9555	0.8115	0.583	0.752	0.8015	0	0.228	0.1605	0.3645	0.7565	0	0.37	0	0	0	0	0	0.8	0.275	0	0	0	0.891	0.3425	0.143	0	0	0	0	0.327	0.523	0.226	0	0.5355	0	0	0.594	0.3835	0.158	0.4905	0	0	0	0.336	0	0.723	0	0	0	0.774	0.698	0.5185	0	0.1695	0	0.6735	0.689	0.535	0.502	0.173	0.61	0	0	0	0	0.3515	0	0.727	0.36	0.4065	0	0	0	0	0.1715	0	0.685	0	0.561	0	0	0	0.5465	0	0	0	0.4865	0	0	0	0	0	0.7585	0	0	0
chr20_3028983_3029484	0	0	0	0	0	0	0	0	0	0	0	0	0	0	0	0	0	0	0	0	0	0	0	0	0	0	0.796	0	0	0	0	0	0	0	0	0	0	0	0	0	0	0	0.825	0	0	0	0.2235	0.295	0	0	0	0	0	0	0	0	0	0	0.2935	0	0	0.772	0	0	0	0.44	0	0	0	0	0	0	0	0	0.5565	0	0	0	0	0	0	0	0	0	0	0	0	0	0	0	0	0	0	0	0	0.4875	0	0	0.3095	0	0	0.159	0	0	0
chr20_3271012_3271513	0	0.578	0.245	0	0	0	0	0	0.3605	0.763	0	0.7645	0.7475	0.879	0	0	0.233	0.714	0.7265	0	0	0	0	0.425	0	0	0	0	0.152	0.77	0.463	0	0.654	0.705	0.4345	0	0	0	0	0.672	0.21	0	0	0	0	0.3765	0	0	0	0.691	0	0	0	0.733	0	0	0.712	0	0	0.7175	0	0	0	0	0	0	0	0	0	0.14	0	0	0	0	0.3365	0	0.315	0	0.5435	0	0	0.335	0	0	0	0.603	0	0	0.7555	0	0	0	0.151	0	0	0	0	0	0	0.2995	0	0	0	0	0.486
chr20_3320295_3320796	0.451	0.4365	0	0	0	0	0	0	0	0	0	0	0	0	0	0	0	0	0	0.453	0.413	0	0	0	0.5845	0	0	0	0	0	0	0	0	0	0	0	0	0	0.4665	0	0.477	0	0	0	0	0	0	0	0	0	0	0	0.7005	0	0.121	0	0	0.1755	0	0	0	0	0.7015	0	0.467	0.1285	0	0	0	0.341	0	0	0	0	0	0.599	0	0	0.5835	0	0	0	0	0.7345	0	0.416	0	0	0	0	0	0	0	0	0	0	0	0	0	0.7155	0	0.1535	0.314	0	0
chr20_4329412_4329913	0	0	0	0.3225	0	0	0	0	0.6705	0.8615	0.2875	0	0.204	0.533	0.3815	0	0.5635	0	0.4055	0	0	0.537	0.403	0	0	0.2665	0.462	0.2915	0	0.8235	0	0	0.404	0.391	0	0	0	0	0.7635	0.7825	0.244	0	0.197	0	0	0.1275	0.4765	0	0.2155	0	0	0	0.3485	0	0.326	0	0	0	0	0	0.14	0	0	0	0.3465	0	0	0.293	0.6785	0	0	0	0	0	0	0	0	0.695	0.6155	0	0	0	0	0	0	0.134	0	0.2005	0	0	0	0	0	0	0	0	0	0	0	0	0	0.6745	0	0	0
chr20_4382494_4382995	0	0	0	0	0	0	0	0	0	0	0	0	0	0	0	0	0.631	0	0	0	0	0	0.258	0	0	0	0	0	0	0	0	0	0	0	0	0	0	0	0	0	0.6065	0	0	0	0	0	0.763	0.3685	0.217	0.4465	0	0	0.21	0.1185	0	0	0	0	0	0	0	0.7285	0	0.5585	0	0.693	0	0.5265	0	0	0	0	0	0	0	0	0	0	0	0	0	0	0	0.2345	0	0	0.475	0	0	0	0	0.321	0	0	0	0	0	0	0.677	0	0	0.7085	0	0	0
chr20_4393186_4393687	0	0	0	0	0	0	0	0	0.4145	0.3585	0.5845	0.6665	0	0.279	0.246	0	0.4495	0.2765	0	0	0.446	0.4085	0.7705	0	0	0	0.2755	0	0	0	0	0	0	0.543	0.2815	0	0	0	0.644	0	0.5475	0	0.6185	0.9595	0	0	0	0	0.547	0	0	0	0	0	0.7585	0	0	0	0	0	0	0.737	0	0.2445	0	0	0	0.372	0	0.422	0	0	0	0	0	0	0	0	0	0	0	0.3925	0	0	0.433	0	0	0	0	0	0	0	0	0	0	0	0	0	0	0	0	0.194	0.67	0	0
chr20_11986011_11986512	0	0	0	0	0	0	0	0	0	0	0	0	0	0	0	0	0	0	0	0	0	0	0	0.176	0	0	0	0	0	0	0	0	0	0	0	0	0	0	0	0	0	0	0	0	0	0	0	0	0	0	0	0	0	0	0	0	0	0	0	0	0	0	0	0.2015	0	0	0	0	0	0	1	0	0	0	0	0	0	0	0	0	0	0	0	0	1	0	0	0	0	0.226	0	0	0	0	0	0	0	0	0	0	0	0	0	0	0
chr20_12846174_12846675	0	0	0	0	0	0	0	0	0	0	0	0	0	0	0.852	0	0	0	0	0	0	0	0	0	0	0	0	0	0	0	0	0.56	0	0	0	0	0	0	0	0	0	0	0	0	0	0.929	0	0.1785	0	0	0	0	0	0	0.1815	0	0	0	0	0	0	0	0	0	0	0	0	0	0	0	0	0	0	0	0	0	0	0	0	0.9975	0	0	0	0	0	0	0	0.1435	0	0	0	0	1	0	0	0.4745	0	0	0	0	0	0.176	0	0	0
chr20_17503910_17504411	0.3	0	0	0	0.199	0	0	0	0	0	0	0	0	0	0	0	0	0	0	0	0	0	0	0	0	0	0	0	0	0	0	0	0	0	0	0	0	0	0	0	0	0	0	0	0	0	0	0	0	0	0	0	0.261	0	0	0	0	0	0	0	0	0	0	0	0	0	0	0	0	0	0.441	0	0	0	0	0	0	0	0	0	0	0	0	0	0	0.9795	0	0	0	0	0	0	0	0	0	0	0	0	0	0	0	0	0	0	0
chr20_22987030_22987531	0	0	0	0	0.8915	0	0	0	0	0	0.1895	0	0	0	0	0	0	0	0	0	0	0	0	0.873	0	0	0	0	0	0	0	0	0	0	0	0	0	0	0	0	0.554	0	0	0	0	0	0	0	0	0	0	0	0.9995	0.878	0	0	0.5945	0	0	0	0	0	0	0	0	0	0	0	0	0	0	0	0.8075	0	0	0	0	0	0.126	0	0	0	0	0	0	0.9505	0	0	0	0.1755	0	0	0	0.2165	0	0	0	0	0	0	0	0	0	0	0
chr20_29829032_29829533	0	0	0	0	0	0	0	0	0	0	0.1955	0	0	0	0	0	0	0	0	0	0.819	0.737	0	0.1265	0	0	0.475	0.5105	0	0	0	0	0	0	0	0	0	0	0.14	0.2525	0	0	0	0	0	0	0	0	0	0	0	0	0	0	0	0	0	0	0	0.25	0.422	0	0	0	0.2495	0	0	0	0	0.2545	0	0.2795	0	0	0	0	0	0.5105	0.1675	0	0	0	0	0	0	0.146	0	0	0	0	0	0	0	0	0	0	0	0	0	0	0	0.993	0	0	0
chr20_29843748_29844249	0	0	0	0	0	0	0	0	0.1705	0.1975	0	0	0	0.625	0	0	0	0.8065	0.371	0	0.48	0	0	0	0.724	0	0	0	0	0	0	0	0.2565	0.524	0	0	0	0	0.4965	0.806	0.4995	0	0	0	0	0	0	0	0	0	0	0	0.76	0	0.3875	0	0	0	0.4605	0	0.649	0	0	0	0.6575	0	0.328	0	0	0.5565	0	0	0	0	0.4905	0	0	0.4905	0.351	0	0	0	0	0.8245	0.449	0	0	0.1865	0	0	0	0	0	0	0	0.9165	0.2185	0	0.6085	0	0	0.964	0	0	0
chr20_43825519_43826020	0	0.2565	0	0	0	0	0	0	0	0	0	0	0	0	0	0	0	0.567	0	0	0	0	0	0	0	0	0	0	0	0	0	0	0	0	0	0	0.43	0	0.7415	0	0	0	0	0	0	0	0	0	0	0.3705	0	0.7325	0	0	0	0	0	0	0	0	0	0	0	0	0	0	0	0	0.6115	0.387	0	0	0	0	0	0	0	0	0.246	0.7425	0	0	0	0	0	0.6395	0	0	0.5465	0	0	0	0	0	0	0	0	0.1885	0	0	0	0	0.5725	0	0
chr20_54335685_54336186	0	0	0	0	0	0	0	0	0.1165	0	0.9615	0	0	0	0	0	0	0.3315	0	0	0.275	0	0	0	0	0	0.1315	0	0	0	0	0	0	0	0	0	0	0	0.6065	0	0	0	0	0	0	0	0	0	0	0	0	0	0	0	0.784	0.2595	0	0	0	0.913	0	0	0	0	0	0	0	0.972	0	1	0	0	0	0	0	0	0.2365	0	0.7605	0	0	0	0	0	0	0.257	0	0	0	0	0	0	0	0	0	0	0.197	0	0	0	0	0.565	0	0	0
chr20_55530295_55530796	0	0	0	0	0	0	0	0.159	0.14	0.5745	0	0	0	0.4305	0	0	0	0.2845	0.919	0	0	0	0	0	0	0	0	0	0	0	0	0	0.8125	0.995	0	0	0	0	0.478	0.2945	0.3885	0	0	0	0	0	0	0	0	0	0	0	0	0.692	0.493	0	0	0	0	0	0.9445	0	0	0.153	0	0	0.834	0	0	0	0	0	0	0	0	0	0	0.6475	0.811	0	0	0	0	0.295	0	0.9795	0	0.187	0	0	0	0	0	0.265	0	0.1285	0.972	0	0	0	0	0	0.265	0	0
chr20_59595225_59595726	0	0	0	0	0	0	0	0	0	0	0	0	0	0	0.191	0	0	0	0	0	0	0	0	0	0	0	0	0	0	0	0	0	0.148	0	0	0	0	0	0	0	0	0	0	0.149	0	0	0	0	0	0	0	0	0	0.305	0	0	0	0	0	0	0	0	0	0	0	0	0	0	0	0	0.129	0	0	0	0	0	0	0	0	0	0	0	0	0	0	0	0	0	0	0	0	0	0	0	0	0	0.6075	0	0	0	0	0	0	0	0
chr20_59702349_59702850	0	0	0	0	0	0	0	0	0	0	0	0	0	0	0	0	0	0	0	0	0	0	0	0	0	0	0	0	0	0	0	0	0	0	0	0	0	0	0	0	0	0	0	0	0	0	0	0	0	0	0	0	0	0.9335	0	0	0	0	0	0	0	0	0	0	0	0	0	0	0	0	0	0	0	0	0	0	0	0	0	0	0	0	0	0	0	0	0	0	0	0	0	0	0	0	0.99	0	0	0	0	0	0	0	0	0	0
chr20_71610704_71611205	0	0.459	0.2555	0	0	0	0	0	0	0	0	0	0	0	0	0	0	0	0	0	0.779	0	0	0	0	0	0	0	0	0	0	0	0.3695	0	0	0	0	0	0	0	0.2325	0	0	0	0	0	0	0	0	0	0	0	0	0	0	0	0	0	0	0.6145	0	0	0	0	0	0	0	0.971	0	0	0	0	0	0	0	0.4805	0	0	0	0.3415	0	0	0.7645	0	0	0.344	0	0	0	0	0	0	0	0	0	0	0	0	0	0.7175	0	0	0	0	0
chr20_71711902_71712403	0	0	0	0	0	0	0	0	0	0	0.668	0	0	0	0	0	0	0	0	0	0	0	0	0	0	0	0.297	0	0	0	0	0	0	0	0	0	0	0	0.8255	0	0.4205	0	0	0	0	0.563	0	0	0	0	0	0	0	0	0	0	0	0	0	0.848	0	0	0	0	0.32	0	0	0	0	0.2585	0	0	0	0	0	0	0	0	0.577	0	0	0	0	0	0	0	0	0	0	0	0.446	0	0	0	0	0	0	0	0.658	0	0	0	0	0	0
chr20_71737773_71738274	0	0.264	0.235	0	0	0	0	0	0	0	0	0	0	0	0	0	0	0	0	0	0	0	0	0	0	0	0	0	0	0	0	0	0	0	0	0	0	0	0	0	0	0.424	0	0	0	0	0	0	0	0	0	0	0.5765	0.3835	0	0	0.2345	0	0	0.704	0	0	0	0	0	0	0	0	0	0	0	0	0	0	0	0	0	0	0.603	0	0	0	0	0	0	0	0	0	0	0	0	0	0	0.732	0.4835	0	0.645	0	0	0.2	0	0.569	0	0	0
chr3_2542863_2543364	0	0	0	0	0	0	0	0	0	0	0	0	0	0	0	0	0	0	0	0	0	0	0	0	0	0	0	0	0	0	0	0	0	0	0	0.4155	0	0.3885	0	0	0.942	0	0	0	0	0.4635	0	0	0.225	0.7615	0	0	0	0	0.9495	0	0	0	0.9995	0	0	0	0.1725	0	0.833	0	0	0	0	0	0	0	0	0	0	0	0	0	0	0	0	0	0	0	0.5205	0.623	0	0	0	0	0.981	0.9955	0	0	0.329	0	0	0.223	0	0	0	0	0.9735	0	0
chr3_2592910_2593411	0	0	0	0	0	0	0	0	0.6925	0.666	0	0.1765	0.469	0.21	0	0.1785	0.6655	0.2175	0.232	0	0	0	0	0	0	0	0	0	0.536	0	0.7115	0.449	0	0.641	0.88	0	0	0	0	0.417	0	0	0	0	0	0.1995	0.123	0	0	0	0	0	0.176	0	0	0	0	0	0	0.5395	0	0	0	0	0	0	0	0	0	0	0	0.5355	0	0	0	0	0	0	0	0	0	0	0	0	0	0.5095	0	0.313	0	0	0.2065	0.412	0	0	0	0.6425	0	0	0	0	0	0.6215	0	0.1785	0.15
chr3_5810473_5810974	0	0	0	0	0	0	0	0	0	0	0	0	0	0	0	0	0	0	0	0	0	0	0	0	0	0	0	0	0	0	0	0	0	0	0	0	0	0	0	0	0	0	0	0	0	0.163	0	0	0	0	0	0	0	0	0	0	0	0	0	0	0	0	0	0	0	0	0	0	0	0	0	0	0	0	0.8935	0	0.7685	0	0	0	0	0	0	0	0	0.9975	0	0	0	0	0	0	0	0	0	0	0	0	0	0	0	0	0	0	0
chr3_14486921_14487422	0	0	0	0	0	0.5945	0	0	0	0	0	0.8805	0	0	0.7045	0	0	0	0	0	0	0	0	0	0	0	1	0	0	0	0	0	0	0	0	0	0	0	0	0.218	0	0	0	0	0	0	0	0	0	0	0	0	0	0	0	0	0	0	0	0	0	0	0	0	0.9845	0	0	0	0	0	0.265	0	0	0	0	0	0	0	0	0.3435	0	0	0	0	0	0.9895	0	0	0	0	0	0	0.1835	0	0	0	0	0	0	0	0.9995	0	0	0	0
chr3_14518904_14519405	0	0	0	0	0	0	0	0	0	0	0	0	0	0	0	0	0	0	0	0.1325	0	0	0	0	0	0	1	0	0	0	0	0	0	0	0	0	0	0.2465	0	0	0.4015	0	0	0	0	0	0	0	0	0	0	0	0	0	0	0	0	0	0	0	0	0	0	0	0	0	0	0	0	0	0	0	0	0.963	0	0	0	0.66	0	0	0	0	0	0	0.1585	0.8675	0	0	0	0.156	0	0	0	0	0	0	0	0	0	0	0	0	0.417	0	0
chr3_14639161_14639662	0	0	0	0	0	0	0	0	0.8715	0	0.344	0	0	0	0	0	0	0	0	0	0.986	0.8985	0	0	0	0	1	0	0	0	0	0	0	0	0	0	0	0	0.928	0	0.509	0	0	0	0	0	0	0	0	0	0	0	0.9145	0	0	0	0	0	0.957	0	0	0	0	0.246	0	0	0	1	0	0.6585	1	0	0	0	0	0	0	0.387	0.1875	0	0	0	0	0	0	0.9835	0	0	0	0	0	0	0	0	0	0	0	0	0	0	0	0	0	0	0
chr3_31744710_31745211	0.817	0	0	0	0	0	0	0	0	0	0.1235	0	0	0	0	0	0	0	0	0	0	0	0	0	0	0	0	0	0	0	0	0	0	0	0	0	0	0	0	0	0	0	0	0	0	0	0	0	0	0	0	0	0	0.908	0	0	0	0	0	0.9975	0	0	0	0	0	0	0	0	0	0.9995	0	0	0	0	0	0.8075	0	0	0	0	0	0	0	0	0	0	0	0	0	0	0	0	0	0	0	0	0	0	0	0	0	0	0	0	0
chr3_35830919_35831420	0	0	0	0	0	0	0	0	0	0	0	0	0	0	0	0	0	0	0	0	0	0	0	0	0.95	0	0	0	0	0	0	0	0	0	0	0	0	0.774	0	0	0	0.3445	0	0	0	0.483	0	0	0	0	0	0	0	0	0	0	0	0	0	0.5295	0	0	0	0	0	0	0	0	0	0	0	0	0	0	0	0	0	0	0	0	0	0	0	0	0	0	0	0	0	0	0	0	0.2825	0	0	0	0	0	0	0	0	0.4955	0	0	0.593
chr3_42666262_42666763	0	0	0	0.326	0	0	0	0	0.8705	0.35	0	0	0	0	0	0	0.356	0.6825	0.719	0	0	0	0	0.326	0	0	0	0	0	0	0.3845	0	0	0	0	0	0	0	0	0	0	0	0	0	0	0.211	0	0	0	0	0	0	0	0.712	0	0	0	0	0.4335	0	0	0.4315	0	0.6285	0	0	0.1975	0	0	0	0	0	0	0	0	0	0	0	0	0	0	0	0	0	0.143	0.717	0	0.852	0	0	0.567	0.4085	0	0	0	0	0	0	0	0	0	0.448	0.3435	0.653	0.277
chr3_42694009_42694510	0	0	0	0	0	0	0	0	0.243	0.6705	0.181	0.4115	0.484	0.122	0.254	0.7245	0.427	0.704	0.587	0.348	0	0	0	0	0.4635	0	0.607	0.66	0.4535	0.8075	0.4555	0.719	0	0.2335	0.722	0	0	0	0	0.401	0.125	0	0	0	0	0	0	0	0.311	0.137	0	0	0.7755	0	0.521	0	0	0	0.5765	0	0	0	0	0	0.5495	0.4765	0.2265	0	0.4135	0	0	0	0	0	0.5765	0.731	0.7375	0	0.196	0	0	0	0	0.66	0	0	0	0.618	0	0	0	0.7785	0	0	0	0	0	0	0.6545	0	0	0.6585	0	0.569	0
chr3_46461756_46462257	0	0	0	0	0	0	0	0	0	0	0	0	0	0	0	0	0	0	0	0	0	0	0	0	0	0	0	0	0	0	0	0	0	0	0	0	0	0	0	0	0	0	0	0	0	0	0	0.704	0	0	0	0	0	0	0	0	0	0	0.5275	0	0	0	0.8355	0	0	0.627	0	0	0.9945	0	0	0	0	0	0	0	0	0.954	0.241	0	0	0	0	0	0	0.3925	0	0	0	0	0	0	0	0.3315	0	0.857	0	0	0.5275	0	0	0	0	0	0
chr3_46695556_46696057	0	0	0	0	0	0	0	0	0	0	0	0.452	0	0	0	0.2525	0	0	0.164	0	0.84	0	0	0	0	0	0.1565	0	0.5165	0	0	0	0	0	0	0	0	0	0	0	0	0	0	0	0	0	0	0	0	0	0	0	0	0.2495	0	0	0.2235	0	0	0	0	0	0	0	0	0	0	0	0	0.8335	0	0	0.6875	0	0	0	0	0	0	0	0	0	0	0	0	0	0	0	0	0.456	0	0	0	0	0	0	0.385	0	0	0	0.2815	0.3995	0.639	0	0
chr3_53626028_53626529	0	0	0	0	0	0	0	0	0	0	0	0	0	0	0	0.8975	0	0	0	0	0	0	0	0	0	0	0	0	0	0	0	0	0	0	0	0	0	0	0	0	0	0	0	0	0	0	0	0	0	0	0	0	0	0	0	0	0	0	0	0	0	0	0	0	0	0	0.9995	0	0	0	0.969	0	0	0	0	0	0	0	0	0	0	0	0	0	0	0	0	0.318	0	0	0	0	0.1675	0	0	0.4335	0	0	0	0	0	0	0	0	0
chr3_60253872_60254373	0	0	0	0.408	0	0.3505	0	0	0	0	0	0	0	0	0	0	0	0	0	0	0	0	0	0	0.639	0	0	0	0	0	0	0	0.148	0	0	0	0	0	0.272	0.358	0.2835	0	0	0	0	0	0	0	0.9535	0	0	0	0	0	0.772	0	0	0	0.811	0	0	0	0.301	0	0	0	0.6455	0	0.608	0.4515	0	0.8085	0	0.1945	0	0	0	0	0.3625	0.8015	0	0	0	0	0.2055	0	0	0.6875	0	0	0.8035	0	0	0	0	0.624	0.1315	0	0	0.5355	0	0.367	0	0.1415	0.9755
chr3_60343073_60343574	0	0	0	0	0	0	0	0	0	0	0	0	0	0	0	0	0	0	0	0	0	0	0	0	0	0	0	0	0	0	0	0	0	0	0	0	0	0	0	0	0	0	0	0	0.4315	0	0	0	0	0	0	0	0	0	0	0	0	0	0	0	0	0	0	0	0	0	0	0	0	0	0	0	0	0	0	0	0	0	0	0	0.178	0	0	0	0	0	0	0	0	0	0	0	0.1435	0	0	0	0	0	0	0	0	0	0	0	0
chr3_70541715_70542216	0	0	0	0	0	0	0	0	0	0	0	0	0	0	0	0	0	0	0	0	0	0	0	0	0	0	0	0	0	0	0	0	0	0	0	0	0	0	0	0	0	0	0	0	0	0	0	0	0	0	0	0	0	0	0	0	0	0	0	0	0	0	0	0	0	0	0	0	0	0	1	0	0	0	0	0	0	0	0	0	0	0	0	0	0	0.9905	0	0	0	0	0	0	0	0	0	0.9775	0	0	0	0	0	0	0	0	0
chr3_70580308_70580809	0	0	0	0	0	0	0	0.959	0	0	0	0	0	0	0	0	0	0	0	0	0	0	0	0	0	0	0	0	0	0	0	0	0	0	0	0	0	0	0	0	0	0	0	0	0	0	0	0	0	0	0	0	0	0.6795	0	0	0	0	0.752	0	0	0	0	0	0	0	0	0	0	0	0	0	0	0	0	0	0	0	0	0	0	0	0	0	0	0	0	0	0	0	0	0	0	0	0	0	0	0	0	0	0	0.7375	0	0.9655	0
chr3_78944935_78945436	0	0	0	0	0	0	0	0	0	0	0	0	0	0	0	0	0	0	0	0	0	0	0	0	0	0	0	0	0	0	0	0	0	0	0	0	0	0	0	0	0	0	0	0	0	0	0	0	0	0	0	0	0	0	0	0	0	0	0	0	0	0	0	0	0	0	0	0	0	0	0	0	0	0	0	0	0	0	0	0	0	0	0	0	0	0.1885	0	0	0	0	0	0	0	0	0	0	0	0	0	0	0	0	0	0	0
chr3_79820066_79820567	0	0	0	0	0	0	0	0	0	0	0	0	0	0	0	0	0	0	0	0	0	0	0	0	0	0	0	0	0	0	0	0	0	0	0	0	0	0	0	0	0	0	0	0	0	0	0	0	0	0	0	0	0	0.752	0	0	0	0	0	0	0	0	0	0	0	0	0	0	0	0	0	0	0.997	0	0	0	0.151	0	0	0	0	0	0	0	0	0	0.2655	0	0	0.2995	0	0	0	0	0	0	0	0	1	0	0	0	0	0	0
chr3_84666639_84667140	0	0	0	0	0	0.5515	0	0	0	0	0	0	0	0	0	0	0	0	0	0	0.688	0.2585	0	0.57	0	0	0.817	0.3575	0	0	0	0	0	0	0	0	0	0	0	0	0	0	0	0	0	0	0	0.231	0	0	0	0	0	0	0	0	0.6045	0	0	0	0	0	0	0	0	0	0	0	0	0	0	0.7435	0.573	0	0	0	0	0	0	0	0	0	0	0	0	0	0	0	0	0.278	0	0	0	0	0	0	0	0	0	0	0	0	0	0	0
chr3_84682317_84682818	0	0	0	0	0	0	0	0	0	0	0	0	0	0	0	0	0	0	0	0	0	0	0	0	0	0	0	0	0	0	0	0	0	0	0	0	0	0	0	0	0	0	0	0	0	0	0	0	0	0	0	0	0	0	0	0	0	0	0	0	0	0	0	0	0	0	0	0	0	0	0	0	0	1	0	0	0	0	0	0	0	0	0	0	0	0	0	0	0	0	0	0	0	0	0	0	0	0	0	0.439	0	0.932	0	0	0
chr3_84824476_84824977	0	0	0	0	0	0	0	0	0	0	0	0	0	0	0	0	0	0	0	0	0	0	0	0	0	0	0	0	0	0	0	0	0	0	0	0	0	0	0	0	0.3145	0	0	0	0	0	0	0	0	0	0	0	0	0.866	0	0	0	0	0	0	0	0	0	0	0	0	0	0	0	0	0	0	0	0	0	0	0	0	0	0	0	0	0	0	0	0	0	0	0	0	0	0	0	0	0	0	0	0	0	0	0	0	0	0	0
chr3_111222380_111222881	0	0	0	1	0	0	0	0	0.9345	0.1855	0	0	0	0	0.2625	0	0	0	0	0	0.64	0	0	0.339	0	0.2295	0.178	0.985	0	0	0	0.5935	0	0	0	0	0	0	0.131	0.8835	0.761	0	0	0	0	1	0.308	0	0	0	0	0	0	0	0.289	0	0.155	0	0	0	0.953	0	0	0	0.3705	0.678	0.129	0.6195	0.862	0	0	0	0.6785	0	0	0	0	0.205	0.7	0	0.9905	0	0	0	0	0.6365	0.278	0.7445	0.238	0.433	0.483	0	0.9225	0	0	0.685	0	0	0	0	0	0.358	0	0	0
chr3_111510983_111511484	0	0	0	0	0	0	0	0	0	0	0	0.46	0	0	0	0	0	0	0	0.8985	0	0	0	0	0	0	0	0	0	0	0	0	0	0	0	0	0	0	0	0	0	0	0	0	0	0	0	0	0	0	0	0	0	0.4745	0	0	0	0	0	0	0	0	0	0	0	0	0	0	0	0	0	0	0	0	0	0	0	0	0	0	0	0	0	0	0	0.447	0	0	0	0	0	0	0	0	0	0	0	0	0	0	0.9585	0	0	0	0
chr3_119304027_119304528	0.174	0	0	0	0	0	0	0	0	0	0	0	0	0	0	0	0	0	0	0	0	0	0	0.3215	0	0	0	0	0	0	0	0	0	0	0	0.529	0	0	0	0	0	0	0	0	0.9995	0	0	0	0	0	0	0	0	0	0	0	0.331	0	0	0	0	0	0	0	0	0	0	0	0	0	0	0	0.4015	0	0	0	0	0	0	0	0	0	0	0	0	0.9515	0	0	0	0.18	0	0	0	0	0	0	0	0	0	0	1	0	0	0	0
chr3_130532636_130533137	0	0	0	0	0	0	0	0	0	0	0	0	0	0	0	0	0	0	0	0	0	0	0	0	0	0	0	0	0	0	0	0	0	0	0	0	0	0	0	0	0	0	0	0	0.266	0	0	0	0	0	0	0	0	0	0	0	0	0	0	1	0	0	0	0	0	0	0	0	0	0	0	0	0	0	0.138	0	0	0	0	0	0	0	0	0	0.3685	0	0	0	0.223	0	0	0	0	0	0	0	0	0	0	0	0	0.9245	0	0	1
chr3_131252212_131252713	0.389	0	0	0	0	0	0.823	0	0	0	0	0	0	0	0	0	0	0	0	0	0	0	0	0.92	0	0	0	0	0	0	0	0	0	0	0	0	0	0	0.246	0	0	0	0	0	0.2055	0	0	0	0	0	0	0.956	0	0.8705	0	0	0.1645	0	0	0	0	0	0	0	0	0	0	0	0	0	0	0	0	0	0	0	0	0	0	0	0	0	0	0	0	0.538	0	0	0	0	0	0	0	0	0	0	0.222	0	0	0	0	0	0.999	0	0
chr3_131420785_131421286	0	0	0	0	0	0	0	0	0	0	0	0	0	0	0	0	0	0	0	0	0	0	0	0	0	0	0	0	0	0	0	0	0	0	0	0	0	0.999	0	0	0	0	0	0	0	0	0	0	0	0	0	0	0	0.472	0	0	0	0	0	0	0	0	0	0	0	0	0	0	0	0	0	0	0	0	0	0	0	0	0	0.983	0	0	0	0	0	0.7985	0	0	0	0	0	0	0	0	0	0	0	0	0	0	0	0	0	0	0
chr3_132246797_132247298	0	0	0	0	0	0.3305	0	0	0	0	0	0	0	0	0	0	0	0	0	0	0	0	0	0.213	0	0	0	0	0	0	0	0	0	0	0	0.7705	0	0	0	0	0	0	0	0	0	0	0	0	0	0	0	0	0	0	0	0	0.7835	0	0	0	0	0	0	0	0	0	0	0	0	0	0	0.16	0.252	0	0	0	0	0	0	0.2335	0.811	0	0	0	0	0	0	0	0	0.456	0	0	0	0.2145	0	0	0.6105	0	0	0	0	0	0	0	0
chr3_134781614_134782115	0	0	0	0	0	0	0	0	0	0	0	0	0	0	0	0	0	0	0	0	0	0	0	0	0	0	0	0	0	0	0	0	0	0	0	0	0.134	0	0	0	0	0	0	0	0	0	0	0	0	0	0	0	0	0	0	0	0	0	0	0	0	0	0	0	0	0	0	0	0	0	0.996	0	0	0.3585	0	0	0	0	0.244	0	0.649	0	0	0	0	0.365	0	0	0	0	0	0	0	0.4945	0	0	0.4145	0	0	0	0	0	0	0	0
chr3_154147400_154147901	0	0	0	0	0	0	0	0	0	0	0	0	0	0	0	0	0	0	0	0	0	0	0	0.496	0	0	0	0	0	0	0	0	0	0	0	0.941	0	0	0	0	0	0	0	0	0	0	0	0	0	0	0	0	0	0	0	0	0.7015	0	0	0	0	0	0	0	0	0	0	0	0	0	0	0	0	0	0	0	0	0	0	0	0	0	0	0	0	0	0	0	0	0.8535	0	0	0	0	0	0	0	0	0	0	0	0	0	0	0
chr3_163869564_163870065	0	0	0	0	0.9945	0	0.4235	0	0	0	0	0	0	0	0	0	0	0	0	0	0.501	0	0	0	0	0	0.2125	0	0	0	0	0	0	0	0	0	0	0	0	0	0	0	0	0	0	0	0	0	0	0	0	0	0	0.9585	0	0	0	0	0	0	0	0	0	0	0	0	0	0	0	0.381	0	0	0.6605	0	0.977	0	0	0	0	0	0	0	0	0	0	0.932	0	0	0	0.537	0	0	0	0	0	0.7135	0	0	0	0	0	0.606	0	0	0
chr3_166106003_166106504	0	0	0	0	0	0	0	0	0.1755	0.7825	0	0.164	0	1	0.272	0	0	0	0.845	0	0.907	0	0	0.4895	0	0.17	0.9995	0	0	0	0	0	0	0	0	0	0	0	0.3865	0	0	0	0.999	1	0	0	0	0	0	0	0	0	0	0.4235	0.9775	0	0	0	0	0	0.9975	0	0	0	0	0	0	0	0	1	0.2005	0	0	0	0	0	0	0	0.271	0	0	0	0	0	0.433	0.8565	0	0	0	0	0.6685	0	1	0	0	0	0.6205	0	0	0.4795	0.393	0	0	0	0
chr3_176238240_176238741	0	0	0	0	0	0	0	0	0	0.3225	0.3135	0.262	0	0.5935	0.3485	0	0	0	0.328	0	0	0	0	0	0	0	0.5185	0	0	0	0	0.3035	0	0.67	0.473	0	0	0	0	0	0	0	0	0	0	0	0	0	0	0	0	0	0	0.5585	0	0	0	0	0	0	0	0	0	0	0	0	0	0	0	0	0	0	0	0	0	0	0	0	0	0	0	0.51	0	0	0	0.3395	0	0	0	0	0	0	0	0.3375	0	0	0	0	0	0.1615	0	0	0	0	0
chr3_176288695_176289196	0	0	0.53	0	0	0	0.516	0	0	0	0	0	0	0	0	0	0	0	0	0	0.2075	0	0.962	0	0	0	0	0	0	0	0	0	0	0	0	0	0	0	0.2435	0	0.86	0	0.9885	0	0	0	0	0	0.996	0.851	0	0	0.569	0.9895	0.9895	0	0	0	0	0.4525	0	0	0.8485	0	0	0	0	0	0	0.9595	0	0	0	0	0	0	0	0.6055	0.311	0	0	0	0	0	0.517	0.9805	0.3005	0	0	0	0.953	0	0	0	0	0.971	0.2355	0.5955	0.766	0	0	0.463	0	0	0.9665
chr3_176319915_176320416	0	0	0	0	0	0	0	0	0	0	0	0	0	0	0	0	0	0	0	0	0	0	0	0	0	0	0	0	0	0	0	0	0	0	0	0	0	0	0.5765	0	0.991	0	0	0	0	0	0	0.205	0	0	0.3035	0	0	0	0	0	0	0.688	0	0	0	0	0	0	0	0	0	0.9815	0	0	0	0	0	0	0	0	0	0	0.14	0	0	0	0	0	0	0.196	0	0.2025	0.648	0	0	0	0	0	0	0.241	0.6245	0	0.6155	0	0	0	0	0	0
chr3_177876184_177876685	0	0	0	0	0.996	0	0	0	0	0	0	0	0	0	0	0	0	0	0	0	0	0	0	0	0	0	0	0	0	0	0	0	0	0	0	0	0	0	0.1555	0	0.494	0	0	0	0	0.1285	0	0.7685	0	0	0	0	0	0.9935	0	0	0	0	0	0	0	0	0	0.976	0	0	0.3905	0.9565	0.826	1	0	0.9295	0	0	0	0	0	0	0.621	0	0	0	0	0	0	0.9065	0	1	0.9975	0	0	0	1	0	0	0	0	0	0	0	0	0.1545	0	0.851	0
chr3_177902828_177903329	0	0	0	0	0	0	0	0	0.7665	0	0	0	0	0	0	0	0	0	0.834	0	0	0	0	0	0	0	0.611	1	0	0	0	0	0	0	0	0	0	0	0	0	0	0	0	0	0	0	0	0	0	0	0	0	0	0.4365	0	0.484	0	0	0	0.1405	0	0	0	0	0	0	0	0	0	0	0	0	0	0	0	0	0	0	0	0	0	0	0	0	0	0	0	0	0	0	0	0	0	0	0.9495	0	0	0	0	0	0	0	0	0	0
chr3_181023450_181023951	0	0	0	0.1585	0	0.708	0	0	0.567	0.512	0.6715	0.508	0.6935	0.43	0.454	0.4065	0.4045	0.6975	0.54	0	0.5965	0	0	0	0	0	0.1445	0.5885	0.973	0.459	0.1965	0	0.7125	0.3705	0.778	0	0	0	0.4075	0.24	0.1635	0	0	0	0	0.4475	0.7235	0	0.5435	0.6395	0	0	0	0	0.716	0	0	0	0.476	0	0.2595	0.174	0.4355	0.3775	0	0.662	0.203	0.5385	0.423	0.852	0	0.6525	0	0	0	0	0	0.679	0.322	0.283	0	0	0	0.5915	0.5315	0.5805	0.3305	0.8675	0	0	0.5445	0	0	0	0	0.195	0	0	0	0	0	0.5735	0	0	0.7215
chr4_1499943_1500444	0	0	0	0	0	0	0	0	0	0	0	0	0	0	0.4255	0	0	0	0	0	0.344	0	0	0	0	0	0	0	0	0	0	0.21	0	0	0	0	0	0	0	0	0.4535	0	0	0	0	0	0	0.1565	0	0	0	0	0	0.7575	0	0	0	0	0	0	0	0	0	0	0.7395	0	0	0	0	0	0	0	0	0	0	0	0	0.872	0	0.192	0	0	0	0	0	0	0	0	0	0	0	0	0	0	0	0	0	0	0	0	0	0	0	0	0.4855
chr4_15362644_15363145	0	0	0	0	0	0	0	0	0	0	0	0	0	0	0	0	0	0	0	0	0	0	0	0	0	0	0	0	0	0	0	0	0	0	0	0	0	0	0	0	0	0	0	0	0	0	0	0.302	0	0	0	0.534	0	0.376	0.3995	0	0	0	0	0	0	0	0.405	0	0	0	0	0.453	0	0	0	0	0	0	0	0	0	0	0	0	0	0	0	0	0	0.7085	0.8745	0	0	0	0	0	0	0	0	0.65	0	0	0.219	0.6755	0	0.29	0	0	0
chr4_15474562_15475063	0	0	0	0	0	0	0	0	0	0	0	0	0	0	0	0	0	0	0	0	0	0.897	0	0	0	0	0	0	0	0	0	0	0	0	0	0	0	0	0	0	0	0	0	0	0	0	0	0	0	0	0	0	0	0	0	0	0.1465	0	0	0	0	0	0	0	0	0	0	0	0	0	0	0	0	0	0	1	0	0	0	0	0	0	0	0	0	0.45	0	0	0	0	0	0	0	0	0	0	0	0	0	0	0	0	0	0	0
chr4_22434790_22435291	0	0	0	0	0	0	0	0.5165	0.7695	0.4025	0	0.3495	0.637	0.914	0	0.356	0.114	0.454	0.454	0	0	0	0	0.284	0	0	0	0	0.5825	0.1835	0.3405	0	0.4525	0.6465	0.22	0.2545	0	0	0.5125	0.61	0.422	0	0	0	0	0	0	0	0	0	0	0	0	0	0.431	0	0	0	0	0	0	0	0	0.126	0	0.287	0	0.694	0	0.307	0	0	0	0	0.215	0	0.687	0.6895	0.6565	0	0	0	0.348	0.566	0	0	0	0	0	0	0	0.4565	0	0	0.39	0	0	0	0.547	0	0	0.6965	0	0	0
chr4_35956114_35956615	0	0.2295	0.53	0	0	0	0	0	0	0	0	0	0	0	0	0	0	0	0	0	0	0	0	0	0	0	0	0	0	0	0	0	0	0	0	0	0	0	0.8525	0	0	0	0.3265	0	0	0	0	0	0.7255	0	0	0	0	0	0.319	0	0	0.166	0.423	0.5675	0.375	0	0	0.6385	0	0	0	0.5855	0	0.7815	0.287	0	0	0	0	0	0	0	0	0.4415	0	0	0	0	0	0.595	0.7385	0	0	0	0	0	0	0	0	0	0	0	0	0	0	0.2715	0	0	0
chr4_40314771_40315272	0	0	0	0	0	0	0	0	0	0	0	0	0	0	0	0	0	0	0	0	0	0	0	0	0	0	0	0	0	0	0	0	0	0	0	0	0	0	0	0	0	0	0	0	0	0	0	0	0	0	0	0	0	0.7545	0	0	0	0	0	0	0	0	0	0	0	0	0	0	0	0	0	0	0	0	0	0	0	0	0	0	0	0	0	0	0	0	0	0	0	0	0	0	0	0	0	0	0	0	0	0	0	0	0.3665	0	0
chr4_55157873_55158374	0	0	0	0	0	0	0	0	0	0	0	0	0	0	0	0	0	0	0	0	0	0	0	0	0	0	0	0	0	0	0	0	0	0	0	0	0	0	0	0	0	0	0	0	0	0	0	0	0	0	0	0	0	0	0	0	0	0	0	0	0	0	0	0	0	0	0	0	0	0	0	0	0	0	0	0	0	0	0	0	0	0	0	0	0	0.972	0	0	0	0	0	0	0	0	0	0	0.806	0	0.8135	0	0	0	0	0	0
chr4_55405105_55405606	0	0	0	0	0	0	0	0	0	0.3825	0	0	0	0	0	0	0	0.279	0.4055	0	0.253	0.275	0	0	0	0	0	0	0	0	0	0.7545	0	0	0	0	0	0	0.7915	0.398	0.2275	0	0	0	0	0	0	0	0.999	0.724	0	0	0	0	0.5615	0	0	0	0	0	0	0	0	0	0	0	0	0.167	0	0	0.9915	0	0	0	0	0	0	0	0.1275	0.3215	0	0	0	0	0	0.2895	0	0	0	0	0	0	0.159	0	0	0.651	0.2965	0.1975	0	0	0	0	0	0	0
chr4_84262337_84262838	0	0	0	0	0	0	0	0	0	0	0	0	0	0	0	0	0	0	0.88	0.164	0	0	0	0	0	0	0	0	0	0	0	0	0	0	0	0	0.3805	0.5455	0	0	0	0.159	0.987	0	0	0	0.286	0	0.9305	0.582	0	0	0	0	0.801	0	0	0	0.8045	0	0	0	0	0	0	0	0.438	0.4485	0	0	0	0	0	0	0	0	0	0	0	0	0	0	0	0.7845	0.647	0	0	0.989	0.8775	0	0	0	0	0	0	0	0	0	0	0	0	0.234	0	0	0
chr4_84361993_84362494	0	0	0	0	0.8235	0	0	0	0	0	0	0	0	0	0	0	0	0	0	0	0	0	0	0	0	0	0	0	0	0	0	0	0	0	0	0	0	0.49	0	0	0	0	0	0	0	0	0	0	0	0	0	0	0	0.9445	0	0	0	0	0	0.3355	0	0	0	0	0	0	0	0	0	0	0	0	0	0.5475	0	0	0	0	0	0	0	0	0.856	0	0	0.986	0	0	0	0	0.942	0	0	0	0	0	0	0	0	0	0	0	0	0	0
chr4_125059091_125059592	0	0	0	0	0.78	0.9115	0	0	0.887	0.645	0.1255	0.412	0.6385	0.793	0.1355	0	1	0.648	0.774	0.701	0.228	0.3525	0.5225	0	0	0	0.711	0.3855	0.869	0	0.995	0	0.612	0.867	0.983	0	0.473	0	0.269	0.8305	0.21	0	0.723	0	0	0.2135	0.8095	0	0.203	0	0	0	0.8875	0	0.686	0	0	0	0.183	0	0.922	0	0.547	0.936	0.679	0.3255	0.284	0.586	0	0.348	0	0.747	0	0	0.956	0	0.996	0.794	0.264	0	0	0	0	0.548	0.3845	0.6115	0	0.34	0.6815	0	0	0.514	0	0	0	0.651	0	0	0.23	0	0	0.9915	0.598	0.8165	0
chr4_125063829_125064330	0	0	0	0	0	0	0	0	0.3855	0.2155	0	0.4895	0.5895	0.5155	0	0.4635	0.2285	0.6085	0.633	0	0.3	0	0	0	0	0	0	0	0.575	0.6615	0.687	0	0.1995	0.495	0.1715	0	0	0	0.389	0.1855	0.416	0	0	0	0	0.1835	0.231	0	0	0	0	0	0.743	0.749	0.678	0	0	0	0.142	0	0	0	0	0	0	0	0	0.72	0.721	0.383	0	0	0	0	0	0.2415	0.3605	0.243	0.21	0	0	0	0	0.2615	0	0	0	0	0	0	0.344	0	0	0	0	0.6655	0.287	0	0	0	0	0.659	0	0	0
chr4_125095171_125095672	0	0	0	0	0	0	0	0	0	0	0	0	0	0	0	0	0	0	0	0	0	0	0	0	0	0	0	0	0	0	0	0	0	0	0	0	0	0	0	0	0	0	0	0	0	0	0	0.1345	0	0	0	0	0	0	0	0	0	0	0	0.1755	0	0	0.8745	0	0	0	0	0	0	0	0.1755	0	0	0	0	0	0	0	0	0	0	0	0	0	0	0	0	0.1255	0	0	0.6645	0	0	0	0	0	0	0	0	0	0	0	0	0	0
chr4_125107082_125107583	0	0.346	0.964	0.705	0	0.2685	0	0	0.9655	0.9345	0	0.3895	0.2345	0.3425	0	0.52	0.6075	0.1275	0.145	0	0	0	0	0	0	0	0.141	0	0.9865	0	0.56	0	0.7465	0.8075	0	0	0	0	0.936	0.9055	0.7645	0.1425	0	0	0	0	0	0.575	0.9995	0	0	0	0	0	0.1165	0	0	0	0	0	0	0	0	0	0	0.6885	0.3545	0.315	0	0.448	0	0.5375	0	0	0	0	0.7525	0	0	0	0	0	0	0.2225	0.183	0.508	0.4855	0	0	0	0	0	0	0	0	0.147	0	0	0.7095	0	0	0.298	0	0	0
chr4_125153435_125153936	0	0.1465	0.3955	0	0.719	0	0	0	0.676	0	0	0	0	0	0	0	0	0	0	0	0	0	0	0	0	0.3375	0	0	0	0	0	0	0	0	0	0	0	0	0.5165	0	0	0	0	0	0	0	0	0	0	0	0	0	0	0.3955	0	0	0	0.6145	0.487	0.208	0	0	0	0	0	0	0	0	0	0.19	0.8345	0	0	0	0.767	0	0.5945	0	0.161	0.2065	0	0	0	0	0	0	0.2945	0	0	0	0	0	0.137	0	0	0	0.118	0	0	0.512	0	0	0.6665	0	0
chr4_125175435_125175936	0	0.684	0.133	0	0	0	0	0	0	0.476	0	0	0	0	0	0	0	0	0.694	0.1395	0	0	0	0	0	0	0.588	0	0	0	0	0	0	0	0	0	0	0	0	0	0	0	0	0	0	0	0	0	0	0.2695	0	0	0	0	0	0	0	0	0	0	0	0	0	0	0	0	0	0	0.266	0	0	0	0	0	0	0	0	0	0	0	0	0	0	0	0	0	0.444	0.851	0	0	0	0.4845	0	0	0	0	0	0.6665	0.8765	0	0	0	0	0	0.8375
chr4_126483154_126483655	0	0	0	0	0	0.8815	0	0	0	0	0	0	0	0	0	0	0	0	0	0	0	0	0	0	0	0	0	0	0	0	0	0	0	0	0	0	0	0	0	0	0	0	0	0	0.248	0	0	0	0	0	0	0	0	0	0	0	0	0	0	0	0	0	0	0	0	0	0	0	0	0	0	0	0	0	0.4185	0	0	0	0	0	0	0	0	0	0	0	0	0	0	0	0	0	0.315	0.37	0	0	0	0	0	0	0	0	0	0	0
chr4_129054677_129055178	0	0	0	0	0	0	0	0.2205	0	0	0	0	0	0	0	0.9985	0.921	0	0	0.121	0	0	0	0	0	0	1	0	0	0	0	0	0	0	0	0.1535	1	0.155	0	0	0	0	0	0	0	0	0	0	0	0	0	0	0	0	0	0	0	0	0	0	0	0	0	0	0	0	0	0	0.967	0	1	0	0	0	0	0	0	0	0	0	0	0	0	0	0	0	0	0	0	0	0	0	0	0	0	0	0	0	0	0	0	0.279	0	0.2325	1
chr4_130002257_130002758	0	0.628	0	0	0	0.6015	0	0	0	0	0	0	0	0	0	0	0	0	0	0	0	0	0	0	0	0	0	0	0	0	0	0	0	0	0	0	0	0	0.891	0	0	0	0	0	0	0	0	0	0	0.471	0	0	0	0.6185	0	0	0.566	0	0	0	0	0	0	0	0	0	0	0	0	0	0	0	0	0	0	0	0	0	0	0	0	0	0	0	0	0.152	0	0	0	0	0	0	0	0	0	0	0	0	0.76	0	0	0.485	0.316	0	0
chr4_132557957_132558458	0	0.8135	0.2665	0	0	0	0	0	0	0	0	0	0	0	0	0	0	0	0	0	0	0	0	0	0	0	0.402	0.7335	0	0	0	0	0	0	0	0	0	0.641	0	0	0.7145	0.567	0	0	0	0.239	0	0	0	0	0	0	0	0.754	0.778	0	0	0	0	0	0.5755	0	0.419	0	0	0	0	0	0	0	0	0	0	0	0	0	0	0	0	0	0	0	0	0.1245	0	0	0	0.5415	0.7575	0	0	0	0	0	0	0.7475	0	0	0.214	0	0	0.1495	0	0	0
chr4_135098007_135098508	0	0	0	0	0	0	0	0	0	0	0	0	0	0	0	0	0	0	0	0	0	0	0	0.217	0	0	0	0	0	0	0	0	0	0	0	0.292	0	0	0	0	0	0	0	0	0.204	0	0	0	0	0	0.277	0	0	0	0	0.141	0.9635	0	0	0	0	0	0	0	0	0	0	0	0	0	0	0	0.6085	0	0	0	0	0	0	0	0	0	0	0	0	0	0	0.9985	0	0.247	0	0	0	0	0	0.493	0	0	0	0	0.1725	0.21	0	0	0
chr4_135138067_135138568	0	0	0	0	0	0	0	0	0	0	0	0	0	0	0	0	0	0	0	0	0	0	0	0.2575	0	0	0	0	0	0	0	0	0	0	0	0.815	0	0	0	0	0	0	0	0	0.509	0	0	0	0	0	0.581	0.3465	0	0	0	0	0.284	0	0	0	0	0	0	0	0	0	0	0	0	0	0	0	0.356	0	0	0	0	0	0	0	0	0	0	0	0	0	0	0.1445	0	0.32	0	0	0	0	0	0.7135	0	0	0	0	0.1955	0	0	0	0
chr4_139171174_139171675	0	0	0	0	0	0	0	0	0	0	0	0	0	0	0	0	0	0	0	0	0.7325	0.201	0	0	0.6975	0	0.2355	0	0	0	0	0	0	0	0	0	0	0	0.988	0	0	0	0	0	0	0.35	0	0	0	0	0	0	0	0	0.4945	0	0	0	0	0	0	0	0.159	0	0	0	0	0.1755	0	0	0	0	0	0	0	0	0	0	0.4405	0	0	0	0	0	0	0	0	0	0	0	0	0	0	0	0	0.1765	0	0	0	0	0	0.295	0	0	0
chr4_144693059_144693560	0	0	0	0	0.867	1	0	0	0	0	0	0	0	0	0	0	0	0	0	0	0.3025	0	0	0.483	0	0	0	0.908	0	0	0	0	0	0	0	0	0	0	0.227	0	0	0	0	0	0	0	0	0	0	0	0	0	1	0.334	0	0	0.874	0	0	0.2435	0	0	0	0	0	0	0	0	0	0	0	0.728	0.949	0	0.363	0	0	0	0.998	0	0	0	0	0	0	0.999	0	0	0	0.3535	0	0	0	0	0	0.167	0.919	0	0	0	0	0	0	0	0
chr4_153231771_153232272	0	0	0	0	0	0	0	0	0	0	0	0	0	0	0	0	0	0	0	0	0	0	0	0	0	0	0	0	0	0	0	0	0	0	0	0	0	0	0	0	0	0	0	0	0	0	0	0	0	0	0	0	0	0	0	0	0	0	0	0	0	0	0	0	0	0	0	0	0	0	0.1345	0	0.535	0	0	0.3885	0	0	0	0	0	0	0	0	0	0.567	0	0	0	0.722	0	0	0	0	0	0	0	0	0	0	0	0	0	0	0
chr4_166749445_166749946	0	0	0	0	0	0	0	0	0	0	0	0	0	0	0	0	0	0	0	0	0	0	0	0.481	0	0	0	0	0	0	0	0	0	0	0	0	0	0	0	0	0	0	0	0	0	0	0	0	0	0	0	0	0	0.564	0	0	0.353	0	0	0	0	0	0	0	0	0	0	0	0	0	0	0	0.7645	0	0	0	0	0	0	0	0	0	0	0	0	0.701	0	0	0	0.7745	0	0	0	0	0	0	0	0	0.378	0	0	0	0	0	0
chr5_15215072_15215573	0.296	0	0	0	0	0	0	0	0	0	0	0	0	0	0	0	0	0	0	0	0	0	0	0.208	0	0	0	0	0	0	0	0	0	0	0	0.226	0	0	0	0	0	0	0	0	0	0	0	0	0	0	0	0	0	0	0	0	0	0	0	0	0	0	0	0	0	0	0	0	0	0	0	0	0	0	0	0	0	0	0	0	0	0	0	0	0	0	0	0	0	0.4895	0	0	0	0	0	0	0	0	0	0	0	0	0	0	0
chr5_15219610_15220111	0	0	0	0	0	0	0	0	0	0	0	0	0	0	0	0	0	0	0	0	0	0	0	0	0	0	0	0	0	0	0	0	0	0	0	0	0	0	0	0	0	0	0	0	0	0	0	0	0	0	0	0	0	0.694	0	0	0	0	0	0	0	0	0	0	0	0	0	0	0	0	0	0	0	0	0	0	0	0	0	0	0	0	0	0	0.9725	0.944	0	0	0	0	0	0	0	0	0	0	0	0	0	0	0	0	0	0	0
chr5_46398075_46398576	0	0	0	0	0	0	0	0	0	0	0	0	0	0	0	0	0	0	0	0	0.3805	0.7095	0	0	0	0	0	0	0	0	0	0	0	0	0	0	0	0	1	0	0	0	0	0	0	0	0	0	0	0	0	0	0	0.807	0	0	0	0	0	0	0	0	0	0	0.701	0	0	0	0	0	0	0	0	0	0	0	0	0	0	0	0	0	0	0	0	0	0	0	0	0	0	0	0	0.12	0	0	0	0	0	0	0	0	0	0	0
chr5_46425123_46425624	0	0	0	0	0	0	0	0	0	0	0	0	0	0	0	0	0	0	0	0	0	0	0	0	0	0	0	0	0	0	0	0	0	0	0	0	0	0	0	0	0	0	0	0	0	0	0	0	0	0	0	0	0	0	0	0	0	0	0	0.704	0	0	0	0	0	0	0	0	0	0	0	0	0	0	0	0	0	0	0	0	0	0	0	0	0	0	0	0	0	0	0	0	0	0	0.2165	0	0	0	0	0	0	0	0	0	0
chr5_46521974_46522475	0	0.8195	0	0	0	0	0	0	0	0	0	0	0	0	0	0	0	0	0	0	0	0	0	0.882	0	0	0	0	0	0	0	0	0	0	0	0	0	0	0	0	0	0	0	0	0.562	0	0	0	0	0	0	0	0	0.4275	0	0	0.8705	0	0	0	0	0	0	0	0	0	0	0	0	0	0.9995	0	0.2455	0	0	0	0	0	0.8175	0	0	0	0	0	0	0	0	0	0	0.126	0	0	0.283	0	0	0	0	0	0	0	0.1875	0	0	0	0
chr5_81800680_81801181	0	0	0	0	0.1675	0	0	0	0	0.6435	0	0	0.277	0	0	0	0	0.246	0.287	0	0	0.912	0	0	0.916	0	0	0	0	0.1635	0	0	0.373	0	0	0	0	0	0.398	0.57	0.2135	0	0	0	0	0	0	0	0	0	0	0	0.6595	0	0.34	0	0	0	0.258	0.581	0	0	0.7465	0	0	0	0	0	0.5595	0	0	0	0	0.678	0	0.7095	0.7165	0	0.429	0.434	0	0	0	0.2155	0	0	0	0.249	0	0	0.5675	0	0	0	0	0.2865	0.7125	0	0	0.3705	0	0.324	0	0	0
chr5_81801209_81801710	0	0	0	0	0	0.633	0.9425	0	0.3625	0.487	0	0	0	0	0.5445	0	0	0.7815	0	0	0.417	0	0	0	0	0	0.844	0.307	0	0.29	0	0.782	0.3895	0	0	0	0	0	0.315	0.1715	0.5555	0	0	0	0	0	0	0.235	0	0	0	0	0.8105	0	0.145	0	0	0.493	0.627	0	0.15	0.1265	0	0.7485	0.2465	0.776	0.6215	0.954	0.1635	0.806	0	0	0	0	0.203	0	0	0.1365	0.295	0	0	0	0	0.449	0.1175	0	0	0.9045	0	0	0.2075	0	0.4715	0	0	0.57	0	0.655	0	0	0	0.6825	0	0.4785	0
chr5_86666044_86666545	0	0	0	0	0	0	0	0	0	0	0	0	0	0	0	0	0	0	0	0	0	0	0	0.433	0	0	0	0	0	0	0	0	0	0	0	0	0	0	0	0	0	0	0	0	0	0	0	0	0	0	0	0	0	0.9595	0	0	0.4965	0	0	0	0	0	0	0	0	0	0	0	0	0	0	0	0	0	0	0	0	0	0	0	0	0	0	0	0	0	0	0	0.7585	0	0	0	0	0	0	0	0	0	0	0.9625	0	0	0	0	0
chr5_93064182_93064683	0	0	0	0	0	0	0	0	0	0	0.4285	0	0	0	0	0	0	0	0	0	0	0	0	0	0	0	0	0	0	0	0	0	0	0	0	0	0	0	0	0	0	0	0	0	0	0.32	0	0	0	0	0	0	0	0	0	0	0	0	0	0	0	0.674	0	0	0	0	0	0	0	0	0	0	0	0	0	0	0	0	0	0.1735	0	0	0	0.785	0	0	0	0	0	0	0	0	0	0	0	0	0	0	0	0	0	0	0	0	0
chr5_99526757_99527258	0	0	0	0	0	0	0	0.5505	0	0	0	0	0	0	0	0	0	0	0	0	0	0	0	0.749	0	0	0	0	0	0	0	0	0	0	0	0	0	0	0	0	0	0	0	0	0	0	0	0	0	0	0	0	0	0.998	0	0	0	0	0	0	0	0	0	0.299	0	0	0	0	0.8725	0	0	0	0	0	0	0	0	0	0	0	0	0	0	0	0	0	0	0	0	0	0	0	0	0.832	0	0	0	0	0	0	0	0	0	0	0
chr5_99529987_99530488	0	0	0	0	0	0	0	0	0	0	0	0	0	0	0	0	0	0	0	0	0	0	0	0	0	0	0	0	0	0	0	0	0	0	0	0	0.887	0	0	0	0	0	0	0	0	0	0	0	0	0	0	0	0	0	0	0	0	0	0	0	0	0	0	0	0	0	0	0	0	0	0	0	0	0	0	0	0	0	0	0	0	0	0	0	0	0.851	0	0	0	0	0	0	0	0	0	0	0	0	0	0	0	0	0	0	0
chr5_107096476_107096977	0	0	0	0	0	0	0	0	0	0	0	0	0	0	0	0	0	0	0	0	0	0	0	0.63	0	0	0	0	0	0	0	0	0	0	0	0	0	0	0	0	0	0	0	0	0	0	0	0	0	0	0	0	0	0.201	0	0	0	0	0	0	0	0	0	0	0	0	0	0	0	0	0.2905	0	0	0	0	0	0	0	0	0	0	0	0	0	0	0.5415	0	0	0	0	0	0	0	0	0	0	0	0	0	0	0	0	0	0	0
chr5_108041897_108042398	0	0	0	0	0	0	0	0	0	0	0	0	0	0	0	0.175	0.4415	0	0	0	0	0	0	0	0	0	0.996	0	0	0	0	0	0	0	0	0	0	0	0	0	0	0	0	0	0.489	0	0	0	0	0	0	0	0	0	0	0	0	0	0	0	0	0	0	0	0	0	0	0	0	0	0	0	0	0	0	0	0	0	0	0	0	0	0	0	0	0	0	0	0	0	0	0	0	0	0	0	0	0	0	0	0	0	0	0	0
chr5_120667798_120668299	0	0	0	0.6285	0	0	0	0	0	0.8505	0	0	0	0	0	0	0	0	0	0	0.7615	0	0	0	0	0	0.869	0	0	0	0	0	0.36	0	0	0	0	0	0.7705	0	0	0	0	0	0	0.607	0	0	0.3305	0.1495	0	0	0	0	0.6755	0	0	0.7775	0.7605	0	0	0	0.597	0	0.7255	0	0	0	0	0	0	0	0	0	0	0	0	0.198	0.3855	0	0	0	0	0	0.514	0.7425	0	0.317	0.4835	0	0	0	0	0	0	0	0	0	0	0	0	0.569	0	0.6555	0
chr5_141206223_141206724	0	0	0	0	0	0	0	0	0	0	0	0	0	0	0	0	0	0	0	0	0	0	0	0	0	0	0	0	0	0	0	0	0	0	0	0	0	0	0	0	0	0	0	0	0	0	0	0	0	0	0	0	0	0.4375	0	0	0	0	0	0	0	0	0	0	0	0	0	0	0	0	0.1235	0	0.732	0	0	0	0	0	0.426	0	0	0	0	0	0	0	0	0	0	0.841	0	0	0	0	0	0	0	0	0	0	0	0	0	0	0
chr5_143541482_143541983	0	0	0	0.595	0	0	0	0	0	0	0.376	0	0	0	0	0	0	0	0	0	0.8065	0	0	0	0.463	0	0.82	0	0	0	0	0	0	0	0	0	0	0	0	0	0	0	0	0	0	0.5695	0	0	0	0	0	0	0	0	0	0	0	0	0	0	0	0	0	0	0	0	0.1835	0	0	0	0	0	0	0	0.581	0	0	0	0	0	0	0	0	0	0.397	0	0	0.592	0.6425	0	0	0	0	0	0	0	0.283	0	0	0.7845	0	0.5065	0	0.1785	0
chr5_166343261_166343762	0	0	0	0	0	0	0	0	0	0	0	0	0	0	0	0	0	0	0	0	0	0	0	0	0	0.9975	0	0	0	0	0	0	0	0	0	0	0	0	0	0	0	0	0	0	0	0	0	0	0	0	0	0	0	0	0	0	0	0	0	0.9095	0	0	0	0	0	0	0	0	0	0	0.389	0	0	0	0	0	0	0	0	0	0	0	0	0	0	0	0	0	0	0	0	0	0	0	0	0	0	0	0	0	0	0	0	0	0
chr5_166490098_166490599	0	0	0	0	0	0	0	0	0	0	0	0	0	0	0	0	0	0	0	0	0	0	0	0	0	0	0	0	0	0	0	0	0	0	0	0	0	0	0	0	0	0	0	0	0	0.998	0	0	0	0	0	0	0	0	0	0	0	0	0	0	0	0	0	0	0	0	0	0	0	0	0	0	0	0	0	0	0	0	0	0	0	0	0	0	0	0.9375	0	0	0	0	0	0	0	0	0	0	0	0	0	0	0	0	0	0	0
chr5_167258222_167258723	0	0	0	0	0	0	0	0	0	0	0	0	0	0	0	0	0	0	0	0	0	0	0	0	0	0	0	0	0	0	0	0	0	0	0	0	0	0	0	0	0	0	0	0	0	0	0	0	0	0	0	0	0	0	0	0	0	0	0	0	0	0	0	0	0	0	0	0	0	0	1	0	0	0	0	0	0	0	0	0	0	0	0	0	0	0.544	0	0	0	0	0	0	0	0	0	0	0	0	0	0	0	0	0	0	0
chr5_167326028_167326529	0	0	0	0	0	0	0	0	0.2435	0.609	0	0.159	0.659	0.6875	0	0.265	0.5165	0.371	0.49	0	0	0	0	0.4285	0	0	0	0	0.285	0	0.7975	0	0	0.211	0.886	0.163	0	0	0	0.6295	0	0	0	0	0.1775	0	0	0	0	0	0	0	0	0	0.6905	0	0.256	0	0	0.3	0	0	0	0	0.562	0	0	0.522	0	0	0	0	0.3585	0	0	0	0	0	0	0	0	0.55	0	0	0	0.4515	0	0	0.711	0.227	0	0.342	0.364	0	0	0	0	0	0.425	0	0	0.2	0	0	0
chr5_170538343_170538844	0	0	0	0	0	0	0	0	0	0	0	0	0	0	0	0	0	0	0	0	0	0	0	0	0	0	0	0	0	0	0	0	0	0	0	0	0.9425	0.629	0	0	0	0	0	0	0	0.575	0	0	0	0	0	0	0	0	0	0.377	0	0	0	0	0	0	0	0	0	0	0	0	0	0	0	0	0	0	0	0	0	0	0	0	0	0	0	0	0	0	0	0	0	0	0	0	0	0	0.812	0	0	0	0	0	0	0	0	0	0
chr5_183378352_183378853	0	0	0	0	0	0.59	0	0	0	0	0	0	0	0	0	0	0	0	0	0	0	0	0	0.1795	0	0	0	0	0	0	0	0	0	0	0	0	0	0	0	0	0	0	0	0	0	0	0	0	0	0	0	0	0	0	0	0	0	0	0	0	0	0	0	0	0	0.9525	0	0	0	0	0	0	0	0	0	0	0	0	0	0	0	0	0	0	0	0.6475	0	0	0	0	0	0	0	0	0	0	0	0	0	0	0	0	0	0	0
chr6_7280109_7280610	0	0	0	0	0	0	0	0.8885	0	0	0	0	0	0	0	0	0	0	0	0	0	0	0	0.6375	0	0	0	0	0	0	0	0	0	0	0	0	0	0	0	0	0	0	0	0	0.846	0	0	0	0	0	0	0	0	0	0	0	0.733	0	0	0.315	0	0	0	0	0	0	0	0	0	0	1	0	0.7505	0	0	0	0	0	0	0	0	0	0	0	0	0	0	0	0	0.5035	0	0	0	0	0	0	0	0	0	0	0	0	0.1485	0	0
chr6_16017917_16018418	0	0	0	0	0	0	0	0	0	0	0	0	0	0	0	0	0	0	0	0	0	0	0	0	0	0	0	0	0	0	0	0	0	0	0	0	0	0	0	0	0	0	0	0	0	0	0	0	0	0	0	0	0	0	0.403	0	0	0	0	0	0	0	0	0.6665	0	0	0	0	0	0	0	0	0	0	0	0	0	0	0	0.9825	0	0	0	0	0	0	0	0	0	0	0	0	0	0	0	0	0	0	0	0	0	0.841	0	0	0
chr6_16702739_16703240	0	0	0	0	0	0	0	0	0.359	0.4825	0	0.598	0.6865	0.451	0	0.284	0.869	0.6025	0.5375	0	0	0	0	0	0	0	0	0	0.9865	0	0.3745	0	0	0.754	0.3055	0	0	0	0	0.5445	0	0	0	0	0	0	0.5965	0	0	0	0	0	0	0.4215	0.5695	0	0	0	0	0	0	0	0	0.833	0	0	0	0	0	0	0	0	0	0	0	0	0	0.2095	0	0.6175	0	0	0	0.618	0	0	0	0.607	0	0	0	0	0	0	0	0	0	0	0	0	0	0.236	0	0	0
chr6_16910997_16911498	0	0	0	0	0	0	0	0	0	0	0	0	0	0	0	0	0	0	0	0	0	0	0	0	0	0	0	0	0	0	0	0	0	0	0	0	0	0	0	0	0	0	0	0	0.7765	0	0	0	0	0	0	0	0	0	0	0	0	0	0	0	0	0	0	0	0	0	0.9635	0	0	0	0.1765	0	0	0	0.617	0	0	0	0.177	0	0	0	0	0	0	0	0	0.17	0	0	0	0	0	0	0	0	0	0	0	0	0	0	0	0	0
chr6_32295005_32295506	0	0	0	0	0	0	0	0	0	0	0	0	0	0	0	0	0	0	0	0	0	0	0	0.9525	0	0	0	0	0	0	0	0	0	0	0	0.1515	0	0	0	0	0	0	0	0	0	0.986	0	0	0	0	0	0	0	0	0	0	0.9575	0	0	0	0	0	0	0	0	0	0	0	0	0	0	0	0.982	0	0	0	0	0	0	0	0	0	0	0	0	0	0	0	0	0.6175	0	0	0.292	0.2305	0	0	0	0	0	0	0	0	0	0	0
chr6_32355982_32356483	0	0	0	0	0	0	0	0	0	0	0	0	0	0	0	0	0	0	0	0	0	0	0	0	0	0	0	0	0	0	0	0	0	0	0	0	0	0	0	0	0	0	0	0	0	0	0	0	0	0	0	0	0	0	0	0	0	0	0	0	0	0	0	0	0	0	0	0	0	0	0	0	0	0	0	0	0	0	0	0	0	0	0	0	0	0.212	0	0	0	0	0	0	0.346	0	0.7715	0.876	0	0	0	0	0	0	0	0	0
chr6_41752487_41752988	0	0	0	0	0	0	0	0	0.969	0	0	0	0	0	0	0.315	0.1645	0.156	0	0	0	0	0	0	0	0	0	0	0	0	0	0	0	0	0	0	0	0	0	0	0	0	0	0	0	0.2865	0	0	0.1695	0	0	0	0.926	0	0.468	0	0	0	0.511	0	0	0	0	0	0	0	0	0	0	0	0	0	0	0	0	0	0	0	0	0	0	0	0	0	0	0	0	0.759	0	0	0	0	0	0	0	0	0.8005	0	0.444	0	0	0.5015	0	0	0
chr6_43106009_43106510	0	0.166	0.376	0	0	0	0	0	0	0	0	0	0	0	0	0	0	0	0	0	0	0	0	0	0	0	0	0	0	0	0	0	0	0	0	0	0	0	0	0	0	0	0	0	0	0	0	0	0	0	0	0	0	0	0	0	0	0	0.674	0	0	0	0	0	0	0	0	0	0	0	0	0	0	0	0	0	0	0	0	0	0	0	0	0	0	0.582	0	0	0	0	0	0	0	0	0	0	0	0	0	0	0	0	0	0	0
chr6_43122829_43123330	0	0	0	0.433	0	0	0	0	0	0	0	0	0	0	0	0	0	0	0	0	0	0	0	0.1945	0	0	0	0	0	0	0	0	0	0	0	0	0	0	0.5745	0	0.4065	0	0	0	0	0	0	0	0	0	0	0	0	0	0	0	0.145	0	0	0	0	0	0	0	0	0	0	0	0.8235	0.177	0	0	0.359	0	0	0	0.2845	0.6085	0.1245	0	0	0	0.5215	0	0	0.148	0	0.439	0	0.277	0	0	0.19	0	0	0.73	0	0	0	0	0	0.4345	0	0	0
chr6_54475387_54475888	0	0	0	0	0	0	0	0	0	0	0	0	0	0	0	0	0	0	0	0	0	0	0	0	0	0	0	0	0	0	0	0	0	0	0	0	0	0	0	0	0	0	0	0	0.5895	0	0	0	0	0	0.297	0	0	0	0	0.7245	0.18	0	0	0.4855	0	0	0	0	0	0	0	0	0	0	0	0	0.436	0	0	0	0	0	0	0	0	0	0	0	0	0.7365	0	0.1885	0	0.76	0	0	0	0	0	0.279	0	0	0	0	0	0	0	0	0
chr6_75390607_75391108	0	0	0	0	0	0	0	0	0	0	0	0	0	0	0	0	0	0	0	0	0	0	0	0	0	0	0.989	0	0	0	0	0	0	0	0	0	0	0	0.328	0	0	0	0	0	0	0	0	0	0.5165	0	0	0	0	0.7495	0.5545	0	0	0	0	0.2325	0	0	0	0	0	0.3025	0	0.6065	0	0	0	0	0	0	0	0	0	0	0	0	0	0	0	0	0	0	0	0.453	0.8975	0	0.9075	0	0	0	0.204	0.6105	0.9975	0	0	0.3985	0	0.4165	0	0	0
chr6_76063941_76064442	0	0	0	0	0	0	0	0	0	0.2685	0	0.6765	0	0	0	0	0	0	0.5275	0	0	0	0	0	0	0	0	0	0	0	0	0	0.3785	0	0	0	0	0	0	0.7245	0	0	0	0	0	0.3555	0	0	0.972	0	0	0	0	0	0.2385	0	0	0.4105	0	0	0	0	0	0	0	0	0.35	0.704	0.294	0	0	0	0	0	0	0	0	0	0	0	0	0	0	0	0	0	0	0.468	0	0	0	0	0	0	0	0	0	0.129	0	0	0	0.772	0	0	0
chr6_90430545_90431046	0	0	0	0	0	0	0	0	0	0	0.792	0	0	0	0	0	0	0	0	0	0.964	0	0	0	0	0	1	0.6725	1	0	0	0	0	0	0	0	0	0	0	0	0	0	0	0	0	0	0	0	1	0.1765	0	0	0	0	0.8925	0	0	0	0	0	0	0	0	0	0.933	0	0	0	0	0.6835	0	0	0	0	0	0	0	0	0	0	0	0	0.555	0	0.473	0	0	0	0	0	0	0	0	0	0	0	0	0	0	0	0	0.9765	0	0	0
chr6_93583182_93583683	0	0	0	0	0	0	0	0	0	0	0	0	0	0	0	0	0	0	0	0	0	0	0	0	1	0	0	0	0	0	0	0	0	0	0	0	0	0	0	0	0	0	0	0	0	0	0	0	0	0	0	0	0	0	0	0	0	0	0	0	0	0	0	0	0	0	0	0	0	0	1	0.9805	0	0	0	0	0	0	0	0.961	0	0	0	0	0	0.97	0	0	0	0	0	0	0	0	0	0	0	0	0	0	0	0	0	0.997	0
chr6_114307197_114307698	0	0	0	0	0	0	0	0.2025	0	0	0	0	0	0	0	0	0	0	0	0	0	0	0	0.209	0	0	0.5045	0.9415	0	0	0	0	0	0	0	0	0	0	0	0	0.2805	0	0	0	0	0	0	0	0	0	0	0	0	0.6985	0	0	0	0	0	0	0	0	0	0	0	0	0	0	0	0	0	0	1	0	0	0	0	0.287	0	0	0	0	0	0	0	0.787	0	0	0	0.998	0	0	0	0	0	0	0	0	0	0	0	0	0	0	0
chr6_130254344_130254845	0	0.9995	0.962	0	0	0	0	0	0	0	0	0	0	0	0	0	0	0	0	0	0	0	0	0	0	0	0	0	0	0	0	0	0	0	0	0	0	0	0	0	0	0	1	0	0	0.564	0.86	0	0	0	0	0	0	0.9975	0	0	0	0	0	0	0	0	0	0	0	0.8085	0	0	0.9605	0	0	0	0	0	0	0	0	0	0	0	0	0	0	0	0.893	0	0	0	0	0	0	0	0	0.4735	0	0	0	0	0	0	0	0.1265	0	0	0
chr6_132199008_132199509	0	0	0	0	0	0	0	0	0	0	0.823	0	0	0	0	0	0	0	0	0	0	0	0	0	0	0	0	0	0	0	0	0	0.4405	0	0	0	0	0	0	0	0	0	0.4585	0	0	0	0	0	0	0.602	0	0	0.5695	0	0.777	0	0	0	0	0	0	0	0	0	0	0	0	0	0	0	0	0	0	0	0	0	0	0.6435	0.2885	0	0	0	0	0	0	0	0	0	0	0	0.767	0	0	0	0	0.7315	0	0	0	0	0	0.7855	0	0	0
chr6_146655373_146655874	0	0.398	0.854	0	0	0	0	0	0.523	0.682	0	0.3835	0	0	0	0.604	0.214	0.389	0.4455	0	0	0	0	0	0	0	0	0	0.388	0	0.3145	0	0	0	0	0	0	0	0.538	0.64	0.341	0	0	0	0	0	0	0	0	0	0	0	0	0.174	0.32	0	0	0	0	0	0	0	0	0.387	0.153	0	0.7415	0	0	0.45	0	0	0	0	0	0	0.523	0	0	0	0	0	0	0	0	0.508	0	0.771	0.6525	0	0.233	0	0	0	0	0.2315	0	0	0	0	0	0	0	0	0
chr6_146868976_146869477	0	0	0	0	0	0	0	0	0.2555	0.7005	0	0	0	0	0	0	0.5145	0.7615	0	0	0	0	0	0	0	0	0	0	0	0	0	0.3285	0	0	0	0	0	0	0	0.1945	0.429	0	0	0	0	0.1545	0	0	0	0	0	0	0	0	0.749	0	0	0	0.58	0	0	0	0	0	0	0	0.3145	0.3125	0.179	0	0	0	0	0	0	0.7735	0	0	0.498	0	0	0	0	0	0	0	0	0	0	0	0.4775	0.6285	0	0	0	0	0	0	0	0	0	0.177	0	0	0
chr6_147595904_147596405	0.2705	0	0	0	0	0	0	0	0	0	0	0	0	0	0	0	0	0	0	0	0	0	0	0	0	0	0	0	0	0	0	0	0	0	0	0	0	0	0	0	0.5915	0	0	0	0	0	0	0	0	0	0	0	0	0.5125	0	0	0	0	0	0	0.586	0	0	0	0	0	0	0	0	0.299	0.973	0	0	0	0	0	0	0	0	0	0	0	1	0	0	0.1905	0	0	0	0	0	0	0	0.9975	0	0.8525	0	0	0	0	0	0.3385	0	0	0
chr6_153130752_153131253	0	0	0	0	0	0	0	0	0	0	0	0	0	0	0	0	0	0	0	0	0	0.631	0.279	0	0	0	0	0	0	0	0	0	0	0	0	0	0	0	0	0	0	0	0.993	0	0	0.2155	0.236	0	0	0	0	0	0	0	0	0	0	0	0.165	0	0	0	0	0	0	0	0	0	0.137	0.286	0	0	0	0.5505	0	0	0	0.3335	0.514	0	0	0	0	0.3885	0	0.144	0	0	0	0	0	0	0	0	0.7615	0	0	0	0	0	0	0.59	0	0	0
chr6_157899042_157899543	0.17	0	0	0	0	0	0	0	0	0	0	0	0	0	0	0	0	0	0	0.551	0	0.6165	0	0.155	0	0	0	0	0	0.9965	0	0	0	0	0	0.6925	0	0	0.754	0	0	0	0	0	0.1615	0	0	0	0	0	0	0	0	0	0	0	0	0	0	0	0	0	0	0	0	0	0	0	0	0	0	0	0	0	0.26	0	0	0	0	0.5715	0	0	0	0	0	0	0	0	0.3525	0	0	0	0.573	0	0	0	0.121	0	0.2205	0	0	0.6815	0	0	0.177
chr6_157912705_157913206	0	0	0	0	0	0	0	0	0	0	0	0	0	0	0	0	0	0	0	0	0	0	0	0.427	0	0	0	0	0	0	0	0	0	0	0	0	0	0	0	0	0	0	0	0	0	0	0	0	0	0	0	0	0	0	0	0	0	0	0	0.761	0	0	0	0	0	0	0	0	0	0	1	0	0	0	0	0	0	0	0	0	0	0	0	0	0	0	0	0.139	0	0	0	0	0	0	0.3105	0	0	0	0	0	0	0	0	0	0
chr6_165202893_165203394	0	0	0	0	0	0	0	0	0	0	0	0	0	0	0	0	0	0	0	0	0	0	0	0	0	0	0	0	0	0	0	0	0	0	0	0	0	0	0.995	0	0	0	0	0	0	0	0	0	0	0	0	0.811	0	0	0	0	0	0.959	0.545	0	0	0	0	0	0	0	0	0	0	0	0	0	0	0	0	0	0	0	0.835	0	0	0	0	0	0	0.9225	0	0	0	0	0	0	0	0	0	0	0	0	0	0.998	0	0	0.864	0	0
chr6_165312555_165313056	0	0	0	0	0	0	0	0	0	0	1	0	0	0	0	0	0	0	0	0	0	0	0	0	0	0	1	0	0	0	0	0	0	0	0	0	0	0	0	0	0	0	0	0	0	0	0	0	0	0	0	0	0.838	0	0	0	0	0	0.2195	0	0	0	0	0	0	0	0	0	0	0	0	0	0	0	0	0.428	0	0	0	0	0	0	0.1435	0	0	0.4865	0	0	0	0	0	0	0	0	0	0	0.4695	0	0	0	0	0	0	0.176	0
chr6_177174412_177174913	0	0	0	0	0	0	0	0	0	0	0.5375	0	0	0	0	0	0	0	0	0	0	0	0	0.3345	0	0	0	0	0	0	0	0	0	0	0	0.9225	0	0	0	0	0	0	0	0	0.527	0	0	0	0	0	0.293	0	0	0	0	0	0.8355	0	0	0	0	0	0	0	0	0	0	0	0	0	0	0	0.2265	0	0	0	0	0	0	0	0	0	0	0	0	0	0	0	0	0.885	0	0	0	0	0	0	0	0	0	0	0	0	0	0	0
chr7_6268386_6268887	0	0	0	0	0	0.3045	0.965	0	0	0	0	0	0	0	0	0	0	0	0	0.6855	0	0	0	0	0	0	0	0	0	0	0	0	0	0	0	0	0	0	0.812	0	0.7535	0.7785	0	0	0	0	0	0	0	0	0	0	0.76	0.717	0	0	0	0.189	0.7225	0.3055	0	0	0	0	0	0	0	0	0	0	0	0.67	0	0	0.2495	0.614	0	0	0.67	0	0	0	0	0	0.644	0.72	0	0.625	0	0	0	0	0	0	0	0	0	0	0	0	0	0.6515	0	0	0
chr7_6318215_6318716	0	1	0.319	0.998	0	0.5165	0	0	0	0	0	0	0	0	0	0	0	0	0	0	0	0	0	0	0	0	0	0	0	0	0	0	0	0	0	0	0	0	0	0	0	0	0	0	0	0	0	0	0.83	0.2425	0	0	0	0.997	0	0	0.869	0	0.9415	0	0	0	0	0	0	0	0	0	0	0	0	0.99	0.9035	0	0	0	0	0	0	0	0	0	0	0	0	0.997	0	0	0	0.3425	0	0	0	0	0	0	0	0	0.717	0	0	0	0	0	0
chr7_10046054_10046555	0	0	0	0	0	0	0	0	0	0	0	0	0	0	0	0	0	0	0	0	0	1	0	0	0	0	0	0	0	0	0	0	0	0	0	0	0	0	0	0	0	0	0	0	0	0	0	0	0	0	0	0	0	0.6195	0	0	0	0	0	0	0	0	0	0	0	0	0	0	0	0	0.5425	0	0	0	0	0	0	0	0.6735	0	0	0	0	0	0	0	0	0	0	0	0	0	0.5535	0	0	0.1445	0	0	0	0.9105	0	0.6495	0	0	0
chr7_19932277_19932778	0.5985	0	0	0	0	0	0	0	0	0	0	0	0	0	0	0	0	0	0	0	0	0	0	0.718	0	0	0	0	0	0	0	0	0	0	0	0	0	0	0	0	0	0	0	0	0.247	0	0	0	0	0	0.9095	0	0	0	0	0.997	0	0	1	0	0	0	0	0	0	0	0	0	0	0	0	0	0	0	0	0	0	0	0	0	0	0	0	0	0	0	0	0.999	0	0	0	0	0	0	0	0.6245	0	0	0	0	0	0	0	0	0
chr7_42061498_42061999	0	0	0	0	0.7625	0	0.846	0.694	0	0	0	0	0	0.1585	0	0	0	0	0	0	0	0.4245	0	0.332	0.378	0	0	0	0	0	0	0	0	0	0	0	0	0	0.2575	0	0	0	0	0	0	0	0	0	0	0	0	0.239	0	0.2045	0	0	0	0	0	0	0	0	0	0	0	0	0	0	0	0	0.846	0	0.493	0	0.774	0	0	0.4225	0.143	0	0	0	0	0	0	0	0	0	0	0.209	0	0	0	0	0	0	0	0	0	0	0	0	0	0	0
chr7_42914755_42915256	0	0	0	0	0	0	0	0	0	0	0	0	0	0	0	0	0	0	0	0	0	0	0	0	0	0	0	0	0	0	0	0	0	0	0	0	0	0	0	0	0	0	0	0	0	0	0	0	0	0	0	0	0	0	0	0	0	0	0	0	0	0	0	0	0	0	0	0	0	0	0	0	0.991	0	0	0	0	0	0	0	0	0	0	0	0	0	0	0	0	0.644	0	0	0	0	0	0	0	0	0	0	0	0	0	0	0
chr7_43729520_43730021	0.931	0	0	0	0	0.349	0	0	0	0	0	0	0	0	0	0	0	0	0	0	0	0	0	0	0	0	0	0	0	0	0	0	0	0	0	0	0	0	0	0	0	0	0	0	0	0.9415	0	0	0	0	0	0	0	0	0	0	0	0	0	0	0	0	0	0	0	0	0	0	0	0	0	0	0	0	0.3875	0	0	0	0	0.6705	0	0	0.3	0	0	0.6935	0	0	0	0	0	0	0	0	0.9915	0	0	0.347	0	0	0	0	0	0	0
chr7_48796321_48796822	0	0	0	0	0	0	0	0	0	0	0	0	0	0	0	0	0	0	0	0.173	0	0	0	0	0	0	0	0	0	0	0	0	0	0	0	0	0	0	0	0	0	0	0	0	0	0	0	0	0	0	0	0	0	0.6715	0	0	0	0	0	0	0	0	0	0	0	0	0	0	0	0	0	0	0	0	0	0	0	0	0	0	0	0	0	0	0	0	0	0	0	0	0	0	0	0	0	0	0	0	0	0	0	0	0	0	0
chr7_54172327_54172828	0	0	0	0	0	0	0	0	0	0	0	0	0	0	0	0	0	0	0	0	0	0	0	0	0	0	0	0	0	0	0	0	0	0	0	0	0	0	0	0	0	0	0	0	0	0	0	0	0	0	0.174	0	0	0	0	0	0.82	0	0	0	0	0	0	0	0	0	0	0	0	0	0	0	0	0	0	0	0	0	0	0	0	0	0	0	0	0	0	0	0	0	0	0	0	0	0	0	0	0	0	0	0	0	0	0	0
chr7_54303048_54303549	0	0	0	0	0	0	0	0	0	0	0	0	0	0	0	0	0	0	0	0	0	0	0	0	0	0	0	0	0	0	0	0	0	0	0	0	0	0	0	0	0	0	0	0.9975	0	0	0.924	0	0.188	0.5345	0	0	0	0	0.352	0	0	0	0.8125	0	0	0	0.522	0	0	0.737	0	0.3195	0	0	0	0	0	0	0	0	0	0	0	0	0	0	0.7575	0	0	0.7855	0	0	0	0	0	0.8025	0	0	0.231	0.29	0	0	0	0	0	0.9275	0.136	0	0.9815
chr7_63645089_63645590	0	0	0.197	0	0	0	0	0	0	0	0.7135	0	0	0	0	0	0	0	0	0	0	0	0	0	0	0	0.3305	0	0	0	0	0	0	0	0	0	0	0	0	0	0.582	0	0	0	0	0	0	0	0.5275	0.795	0	0	0	0	0.572	0	0	0	0	0	0.452	0	0.7415	0.5875	0	0.7635	0.201	0.6155	0.3245	0.902	0.7465	0	0	0	0	0	0	0	0.1185	0.636	0	0	0	0	0.4685	0.5225	0.323	0.7545	0	0	0	0.1985	0	0	0	0.429	0	0	0.6735	0	0	0.4435	0.1565	0	0.1355
chr7_68971879_68972380	0	0	0	0	0	0	0	0	0	0	0	0	0	0	0	0	0	0	0	0	0.8815	0	0	0	0	0.2655	0	0	0	0	0	0	0	0	0	0	0	0.3085	0.393	0.794	0.596	0	0	1	0.496	0	0	0	0	0.252	0	0	0.784	1	0	0.3415	0.604	0	0	0	0	0.9725	0.3115	0	0.947	0.9825	0	0	0.801	0	0	0	0.618	0	0	0	0	0.8725	0.213	0	0.407	0	0.9185	0	0	0.931	0	0.3145	0	0.59	0.8705	0	0	0	0	0.993	0	0	0.5485	0	0	0	0	0	0
chr7_68979413_68979914	0	0	0	0	0	0.787	0	0	0	0	0	0	0	0	0	0	0	0	0	0	0	0	0	0	0	0	0	0	0	0	0	0	0	0	0	0	0	0	0.1975	0	0	0	0	0	0	0	0	0	0	0	0	0	0	0.9225	0	0.448	0	0	0	0	0	0	0	0	0	0.743	0	0	0	0.1325	0	0	0	0	0	0	0	0	0	0.2645	0	0.67	0	0	0	0	0	0	0	0	0	0	0.9755	0.2885	0	0	0	0	0	0	0	0.812	0	0	0
chr7_73003056_73003557	0	0	0	0	0.893	0	0	0	0	0	0	0	0	0	0	0	0	0	0	0	0	0	0	0.1895	0	0	0.971	0	0	0	0	0	0	0	0	0.977	0	0	0	0	0	0	0	0	0.2005	0	0	0	0	0	0	0	0	0.743	0	0	0.441	0	0	0	0	0	0	0	0	0	0	0	0	0	0.221	0	0.3095	0	0	0	0	0	0.1375	0	0	0.934	0	0	0	0	0	0	0	0.461	0	0	0	0	0	0	0	0	0	0	0.995	0	0	0	0
chr7_80529382_80529883	0	0	0	0	0.992	0	0	0	0	0	0	0	0	0	0	0	0	0	0	0	0	0	0	0	0	0	0	0	0	0	0	0	0	0	0	0.329	0	0	0	0	0	0	0	0	0	0	0	0	0	0	0	0	0	0	0	0	0	0	0	0	0	0	0	0	0	0	0	0	0	0	0	0	0	0	0	0	0	0	0	0	0.1345	0	0	0	0	0	0	0	0	0	0	0	0	0	0	0	0	0	0	0	0	0	0	0	0
chr7_80907201_80907702	0	0	0	0	0	0	1	0	0	0	0	0	0	0	0	0	0	0	0	0	0	0	0	0	0	0	0	0	0	0	0	0	0	0	0	0	0	0	0	0	0	0	0	0	0	0	0	0	0	0	0	0	0	0	0	0	0	0	0	0	0	0	0	0	0	0	0	0	0	0	0.9695	0	0	0	0	0	0	0	0	0	0	0	0	0.1225	0	0	0	0	0	0	0	0	0	0	0	0	0	0	0	0	0.703	0	0	0	0
chr7_82983147_82983648	0	0.6205	0.2545	0	0	0	0	0	0	0	0	0	0	0	0.573	0	0	0	0	0	0	0	0	0	0	0	0	0	0	0	0	0	0	0	0	0	0	0	0	0	0	0.9125	0	0	0	0	0	0	0	0	0	0	0	0.6305	0.672	0	0	0	0.5865	0	0	0	0	0	0	0	0	0.9095	0	0	0	0	0	0	0	0	0.304	0	0	0	0	0	0	0	0	0	0	0.4585	0.6985	0	0	0	0	0.155	0	0.249	0.213	0.5435	0.379	0	0	0.3965	0	0	0
chr7_86360560_86361061	0	0.1655	0.757	0	0	0	0	0	0	0.399	0	0	0	0.191	0	0	0	0	0	0	0	0.558	0	0	0	0	0	0	0	0	0	0	0	0.151	0	0	0	0	0	0.845	0	0	0	0	0	0.534	0.6645	0	0	0	0	0	0	0	0.1595	0	0	0	0.5525	0	0.2215	0	0.174	0	0.436	0	0	0.6895	0.53	0	0	0	0	0.1805	0	0	0	0.2455	0	0	0	0	0	0	0	0	0	0	0.438	0	0	0	0	0.7055	0	0	0	0	0	0	0	0.416	0	0.1655	0
chr7_88496334_88496835	0	0	0	0	0.9515	0	0	0	0	0	0	0	0	0	0	0	0	0	0	0	0	0	0	0.8595	0	0	0	0	0	0	0	0	0	0	0	0.7855	0	0	0	0	0	0	0	0	0.915	0	0	0	0	0	0.9735	0	0	0	0	0	0.7945	0	0	0	0	0	0	0	0	0	0	0	0	0	0	0	0.9965	0	0	0	0	0	0	0	0	0	0	0	0	0	0	0	0	0.212	0	0	0.746	0	0.806	0	0.9725	0	0	0.3235	0	0.188	0	0	0
chr7_97197902_97198403	0	0	0	0	0	0.3655	0	0	0	0	0	0	0	0	0	0	0.245	0	0	0	0	0.733	0	0.1875	0	0	0	0	0	0	0	0	0	0	0	0	0	0	0.249	0	0.4965	0	0	0	0	0	0	0	0	0	0	0	0	0.4025	0	0	0	0	0.6695	0	0	0	0.145	0	0.158	0	0	0	0.245	0.4935	0	0.5525	0	0.8875	0.2065	0	0.5415	0	0.13	0.1755	0.2745	0	0	0.2795	0	0	0.499	0	0	0	0.1315	0	0	0	0	0.2105	0.462	0	0.668	0	0	0.7505	0	0	0
chr7_99282626_99283127	0	0	0	0	0	0	0	0	0.351	0.7245	0	0.6915	0.5155	0.595	0	0.3075	0.1495	0.1725	0.3885	0	0.306	0	0	0	0	0	0	0	0	0	0	0	0	0.181	0.159	0	0	0	0.7325	0	0.591	0	0	0	0	0.1575	0	0	0	0.554	0	0	0.7895	0.686	0.6075	0	0	0	0.5415	0	0	0	0.785	0.3515	0	0	0.7285	0.6855	0	0.188	0	0	0	0	0	0	0.3055	0	0.4365	0	0	0	0	0	0	0	0	0.2885	0	0	0	0	0	0	0	0.7425	0	0.3005	0	0.4405	0	0.342	0	0	0
chr7_113334706_113335207	0	0	0	0	0	0	0	0	0	0	0	0	0	0	0	0	0	0	0	0	0	0	0	0	1	0	0	0	0	0	0	0	0	0	0	0	0	0	0	0	0	0	0	0	0	0	0	0	0	0	0	0	0	0	0	0	0	0	0	0	0	0	0	0	0	0	0	0	0	0	0	0	0	0	0	0	0	0	0	0	0	0	0	0	0	0	0	0	0	0	0	0	0	0	0	0	0	0	0	0	0	0	0	0	0
chr7_116679429_116679930	0	0	0	0	0	0	0	0	0	0.2535	0	0	0	0	0	0	0	0	0.864	0	0.213	0	0	0	0	0	0	0	0	0.7245	0	0.228	0.61	0.6645	0	0	0	0	0.239	0.2755	0	0	0.5165	0	0	0	0	0	0.811	0.181	0	0	0	0.838	0.8095	0	0	0	0	0	0	0	0.788	0	0	0.511	0	0.7375	0.7205	0	0	0.7805	0	0.1665	0.2445	0	0	0.839	0.624	0	0	0	0.209	0	0.6345	0	0	0.231	0	0	0	0	0	0	0	0	0	0	0.5285	0	0	0.251	0	0.465	0
chr7_117378965_117379466	0	0.717	0.7185	0	0.357	0	0	0.3075	0.5765	0.8895	0	0.7965	0.7905	0.259	0.774	0.797	0.5905	0.4665	0.8015	0	0.5695	0	0.742	0.603	0	0	0.8595	0	0	0	0	0	0	0.22	0.325	0	0	0	0.591	0.5545	0	0.579	0.891	0	0	0.831	0	0	0.78	0.287	0	0.686	0	0	0.737	0	0	0	0	0	0	0	0	0.2755	0.8145	0	0.3695	0.6755	0.6775	0.307	0	0	0	0	0	0	0	0	0.58	0	0	0	0	0	0.663	0	0	0.765	0	0	0	0	0.1855	0	0	0	0	0	0	0	0	0.702	0	0	0
chr7_119363547_119364048	0	0	0	0	0	0	0	0	0	0	0	0	0	0	0	0	0	0	0	0	0	0	0.6485	0	0	0	0	0	0	0	0	0	0	0	0	0	0	0	0	0	0	0	0	0	0	0	0	0	0	0	0	0	0	0	0.702	0	0	0	0	0.313	0	0	0	0.156	0	0	0	0	0	0	0	0	0	0	0	0	0	0	0	0	0	0	0	0.305	0	0	0	0	0	0	0	0	0	0	0	0	0	0	0	0	0	0.192	0	0	0
chr7_120508498_120508999	0	0	0	0	0	0	0	0	0	0	0	0	0	0	0	0	0	0	0	0	0	0	0	0	0	0	0	0	0	0	0	0	0	0	0	0	0	0	0	0	0	0	0	0	0	0	0	0	0	0	0	0	0	0	0	0	0	0	0	0	0	0	0	0	0	0	0	0	0	0	0.54	0	0	0	0	0	0	0	0	0	0	0	0	0	0	0	0	0	0	0	0	0	0	0	0	0	0	0	0	0.3305	0	0.333	0	0	0
chr7_121449507_121450008	0	0	0	0	0	0.3745	0	0	0	0	0	0	0	0	0	0.2675	0	0	0	0	0	0	0	0	0	0	0.9895	0.883	0	0	0	0	0	0	0	0	0	0	0	0	0.591	0	0	0	0.9725	0	0	0	0	1	0	0	0	0.1665	0	0	0	0	0	0.9075	0	0	0	0	0	0	0	0	0	0.326	0	0	0	0	0	0	0	0	0.225	0	0	0.9855	0	0	0	0.263	0	0	0	0	0	0	0	0	0	0	0	0	0	0	0	0	0	0	0
chr7_130805233_130805734	0	0	0	0	0	0	0	0	0	0	0	0	0	0	0	0	0	0	0	0	0	0	0	0	0	0	0.981	0	0	0	0	0	0	0	0	0	0	0	0	0	0	0	0	0	0	0	0	0	0	0	0	0	0	0	0	0	0	0	0	0	0	0	0	0	0	0	0	0	0	0	0	0	0	0	0	0	0	0	0	0	0	0	0	0	0	0.9755	0	0	0	0.535	0	0	0	0	0.1905	0	0	0	0	0	0	0	0	0	0
chr7_130813391_130813892	0	0	0	0	0	0	0	0	0	0	0	0	0	0	0	0	0	0	0	0	0.9585	0	0	0	0	0.98	0	0	0	0	0	0	0	0	0	0	0	0	0	0	0	0	0	0	0	0	0	0	0	0	0	0	0	0	0	0	0	0	0.978	0	0	0	0.1445	0	0	0	0	0	0	0.973	0	0	0	0	0	0	0	0.906	0.988	0	0.907	0	0	0	0	0	0	0	0	0	0	0	1	0.4065	0	0	0	0	0.7475	0	0	0.2085	0	0.5605	0
chr7_130915464_130915965	0	0	0	0	0	0	0	0	0	0	0	0	0	0	0	0	0	0	0	0	0	0	0	0	0	0	0.579	0	0	0	0	0	0	0	0	0	0	0	0	0	0	0.9305	0	0	0	0.812	0.8645	0	0	0	0	0	0	0.609	0	0	0	0	0	0	0	0	0	0	0	0	0	0	0	0	0.2665	0	0	0	0	0	0	0	0	0	0	0	0	0	0	0	0	0	0	0	0	0.673	0	0	0	0	0	0	0	0	0	0.998	0	0	0
chr7_131101013_131101514	0	0	0	0	0	0	0	0	0	0	0	0	0	0	0.9715	0	0	0	0	0.981	0	0	0	0	0	0	0.425	0	0	0	0	0	0	0	0	0	0	0	0.3985	0	0.5925	0	0	0	0	0	0	0	0	0	0	0	0	0.9305	0	0	0	0	0	0	0	0	0	0	0	0	0	0	0	0	0	0	0	0	0	0	0	0	0.2935	0	0	0	0.9885	0	0	0	0	0	0	0	0	0	0	0	0.5735	0	0	0	0	0	0	0	0	0	0
chr7_131631286_131631787	0	0	0	0	0	0	0	0	0	0	0	0	0	0	0	0	0	0	0	0	0	0	0	0	0	0	0	0	0	0	0	0	0	0	0	0	0	0	0	0	0	0.16	0	0	0	0	0	0	0	0	0	0	0	0.968	0	0	0	0	0.2005	0	0	0	0	0	0	0	0	0.9935	0	1	0	0	0	0	0	0	0	0	0	0	0	0	0	0.1615	0	0.9225	0	0	0	0	0	0	0	0	0	0	0	0.5415	0.546	0	0	0.1315	0	0	0
chr7_143587425_143587926	0.933	0.4895	0.7355	0	0.2515	0	0	0	0	0	0.192	0	0	0	0	0	0	0	0	0	0	0	0	0	0	0	0.4245	0	0	0	0	0	0	0	0	0	0	0	0	0	0	0	0	0	0	0	0	0	0	0	0	0	0	0.8765	0	0	0	0	0	0	0	0	0	0	0	0	0	0	0	0	0.1835	0	0	0	0	0	0	0	0.1715	0	0	0.2005	0	0	0	0	0	0	0	0	0	0	0	0	0	0	0	0	0	0.151	0	0	0	0	0
chr7_152596305_152596806	0	0	0	0	0.233	0.8435	0	0	0	0	0	0	0	0	0.461	0	0	0	0	0	0.953	0.7945	0	0	0.4555	0.2885	0.874	0.2885	0	0	0	0	0	0	0	0	0	0	0.3555	0.1905	0.1245	0	0	0	0	0.4645	0	0	0	0	0	0	0.9065	0.2245	0	0	0	0	0.133	0	0	0	0.5585	0	0.1315	0	0	0	0	0.893	0	0.2455	0	0.7315	0.5305	0	0	0	0.1715	0	0.533	0	0	0	0	0.439	0	0	0.453	0	0.3015	0	0.9965	0	0	0.633	0.2775	0	0	0	0	0	0	0	0
chr7_152840200_152840701	0	0	0.773	0	0	0	0	0	0	0	0	0	0	0	0	0	0	0	0	0	0	0	0	0	0	0	0	0	0	0	0	0	0	0	0	0	0	0	0	0	0	0	0	0	0	0	0	0	0	0	0	0	0	0.4355	0	0	0	0	0	0	0	0	0	0	0	0	0	0	0	0	0	0	0	0	0	0	0	0	0	0	0	0	0	0	0	0	0	0	0	0	0	0	0	0.152	0	0.1575	0	0	0	0	0	0.2365	0	0	0
chr7_153300989_153301490	0	0	0	0	0.4895	0	0	0	0	0	0	0	0	0	0	0	0	0	0	0	0	0	0	0	0	0	0	0	0	0	0	0	0	0	0	0	0	0	0	0	0	0	0	0	0	0	0	0	0	0	0	0.6165	0	0	0	0	0.82	0	0	0.165	0	0	0	0	0	0	0	0	0	0	0	0	0	0	0	0	0	0	0	0	0	0	0	0	0	0.8665	0	0	0	0	0	0	0	0.7815	0	0	0	0	0	0	0	0	0	0	0
chr7_156739919_156740420	0	0	0	0	0	0	0	0	0	0	0	0	0	0	0	0	0	0	0	0.6895	0	0	0	0	0	0	0	0	0	0	0	0	0	0	0	0	0	0	0	0	0	0	0	0	0	0.3675	0	0	0	0	0	0	0	0	0	0	0	0	0	0.2635	0	0	0	0	0	0	0	0	0	0	0	0	0	0	0	0	0	0	0	0	0	0	0	0	0	0	0	0	0	0	0	0	0	0	0	0	0	0	0.8695	0	0	0.9195	0	0	0
chr7_157513577_157514078	0	0	0	0	0	0	0	0	0	0	0	0	0	0	0	0	0	0	0	0	0	0	0	0	0	0	0	0	0	0	0	0	0	0	0	0	0	0	0	0	0	0	0	0	0	0	0	0	0	0	0	0	0	0	0	0	0	0	0	0	0	0	0	0	0	0	0	0	0	0	0	0	0	0	0	0	0	0	0	0	0	0	0	0	0.581	0.996	0	0	0.9915	0	0	0	0	0	0.171	0	0	0	0	0	0	0	0	0	1
chr8_11771633_11772134	0	0	0	0	0	0	0	0	0	0	0	0	0	0	0	0	0	0	0	0	0	0	0	0	0.964	0	0	0	0	0	0	0	0	0	0	0	0	0	0.4565	0	0	0	0	0	0	0	0	0	0	0	0	0	0	0.7065	0.6055	0	0	0.323	0.1795	0	0	0	0.2195	0	0	0	0	0	0	0	0	0	0	0	0.722	0	0	0	0	0	0	0	0	0.139	0	0	0	0	0	0	0	0	0	0	0	0.361	0.72	0	0	0	0	0.4635	0	0	0
chr8_22735650_22736151	0	0	0	0	0.6535	0	0	0	0	0	0	0	0	0	0	0	0	0	0	0	0	0	0	0.7165	0	0.55	0	0	0	0	0	0	0	0	0	0	0	0	0.5025	0	0.7595	0	0	0	0	0	0	0	0	0	0	0	0	0.2775	0	0	0	0	0	0	0	0	0	0	0	0	0	0	0	0	0.47	0	0	0	0.1935	0	0	0	0.413	0	0	0	0.301	0	0	0.292	0	0	0	0	0	0	0	0	0	0	0.4565	0	0	0	0	0.7775	0	0	0
chr8_27546045_27546546	0	0	0	0	0	0	0	0	0	0	0	0	0	0	0	0	0	0	0	0	0	0	0	0	0	0	0	0	0	0	0	0	0	0	0	0	0	0	0	0	0.8725	0	0	0	0	0.803	0	0	0	0	0	0	0	0.367	0	0	0	0	0	0	0	0	0	0	0	0	0	0	0	0.747	0	0	0	0	0	0	0	0	0	0.444	0	0	0	0	0	0.6035	0	0	0	0	0	0	0	0.9985	0	0	0	0	0	0	0	0	0	0	0
chr8_27874398_27874899	0	0	0	0	0	0.462	0	0	0	0	0	0	0	0	0	0	0	0	0	0	0	0	0	0	0	0	0	0	0	0	0	0	0	0	0.352	0	0	0	0.577	0	0	0	0	0	0	0.459	0	0	0	0	0	0	0.658	0	0	0	0	0	0	0.229	0	0	0	0	0	0	0	0	0.5205	0	0	0	0	0	0	0	0	0	0	0	0	0	0	0	0	0	0	0	0	0	0	0	0	0	0	0	0	0	0	0	0	0.9635	0	0	0
chr8_33857711_33858212	0	0	0	0	0	0	0	0	0	0	0	0	0	0	0	0	0	0	0	0	0	0	0	0.741	0	0	0	0	0	0	0	0	0	0	0	0.1545	0	0	0	0	0.638	0	0	0	0.178	0	0	0	0	0	0.2125	0	0	0.5585	0	0.899	0.1395	0	0.207	0	0	0	0	0	0	0	0	0	0	0	0	0	0.2505	0	0	0	0	0	0	0	0	0.9115	0	0	0	0.208	0	0.8955	0	0.5615	0	0	0	0	0	0.7685	0.921	0	0	0	0	0	0	0	0
chr8_38972662_38973163	0	0	0	0	0.254	0	0	0	0	0.146	0.9355	0	0	0	0.988	0	0	0	0	0.327	0.1575	0	0	0	0	0	0.974	0.667	0	0	0	0.2775	0.91	0	0	0	0	0	0.7895	0.827	0	0	0	0	0	0	0	0	0	0	0	0	0	0	0.1415	0	0	0	0	0	1	0.908	0	0	0	0	0.1385	0.4245	0	0	0	0	0	0	0	0	0	1	0.5	0	0	0	0.8285	0	0	0.3795	0	0	0	0	0	0.751	0	0	1	0	0	0	0	0	0	0	0	0	0
chr8_54472768_54473269	0	0	0	0	0	0	0	0	0.1285	0	0	0	0	0	0	0	0	0	0	0	0.8995	0	0.218	0	0	0	0	0	0	0	0	0	0.3745	0	0	0	0	0	0.27	0.2565	0.13	0	0	0	0	0	0	0	0	0	0	0	0.1645	0.7215	0.584	0	0	0	0	0.77	0	0	0.65	0	0.1705	0	0	0.2415	0	0.988	0	0	0	0	0	0	0	0.208	0.5565	0	0	0	0.237	0.145	0	0.213	0	0	0	0	0.528	0	0	0.142	0	0.2245	0.549	0	0	0	0	0	0	0	0
chr8_54729929_54730430	0	0	0	0	0	0	0.997	0	0	0	0	0	0	0	0	0	0	0	0	0	0.3405	0	0	1	0	0	0	0	0	0	0	0	0	0	0	0	0	0	0	0	0	0	0	0	0.2405	0	0	0	0	0	0	0	0	0	0	0	0	0.8615	0	0	0	0	0	0	0.938	0	0	0	0	0	0.1285	0	0	0	0	0	0	0	0	0	0	0	0	0	0	0	0	0	0	0	0	0	0	0	0	0	0	0	0	0	0	0	0	0	0
chr8_56570297_56570798	0	0	0	0	0	0	0	0	0	0	0	0	0	0	0	0	0	0	0	0	0	0	0	0	0	0	0	0	0	0	0	0	0.7385	0	0	0	0	0	0.18	0	0.53	0	0	0	0.9855	0	0	0	0	0.948	0	0	0	0	0	0	0	0	0	0.6495	0	0	0	0	0	0	0	0	0	0	0	0	0	0	0.8535	0	0	0.864	0.904	0	0	0	0	0	0	0	0	0	0	0	0	0	0	0.894	0	0.5075	0	0	0	0	0	0.252	0	0	0
chr8_77167928_77168429	0	0	0.135	0	0.736	0	0	0	0.4785	0	0	0	0	0	0.116	0	0	0	0	0	0	0	0	0	0	0	0.614	0	0	0.532	0	0	0	0	0	0	0	0	0.423	0	0.5305	0	0	0	0	0	0	0	0	0	0	0	0.1405	0.521	0.5405	0	0	0	0.6655	0	0	0	0	0.5085	0	0.467	0.686	0	0.5835	0	0	0	0	0	0	0	0	0	0.333	0	0	0	0	0.477	0.6575	0	0	0.4415	0	0	0.7015	0	0	0	0	0	0	0	0.5445	0	0	0.164	0	0	0
chr8_86006123_86006624	0	0	0	0.273	0	0	0	0	0	0	0	0	0	0	0	0	0	0	0	0	0	0	0.4515	0	0	0	0	0	0	0	0	0	0.4115	0	0	0	0	0	0	0.3325	0	0	0.6815	0	0	0.2595	0.761	0	0.726	0	0	0	0	0	0.273	0	0	0	0.7595	0	0	0	0	0.328	0.241	0.785	0.264	0	0.6825	0	0	0	0	0.6435	0	0	0	0.2885	0.411	0	0	0	0	0.496	0	0	0	0.7385	0	0	0	0	0	0	0	0	0	0	0.6775	0	0	0.4605	0	0	0
chr8_100431886_100432387	0	0.5495	0.797	0.444	0	0	0	0	0	0	0.5185	0	0	0	0	0	0	0	0	0	0	0	0	0	0	0	0	0	0	0	0	0	0	0	0	0	0	0	0	0	0	0.139	0	0	0	0.2125	0	0	0.2155	0	0.419	0	0	0	0.7505	0	0	0	0	0	0	0	0	0	0	0	0	0	0.311	0	0.193	0	0	0	0	0	0	0	0	0	0	0	0	0	0	0.727	0	0	0	0	0	0	0	0.3505	0	0	0	0	0.2715	0	0	0.5905	0	0	0
chr8_100762227_100762728	0	0	0	0	0	0	0	0.3	0	0	0	0	0	0	0	0	0	0	0	0	0	0	0	0	0	0	0	0	0	0	0	0	0	0	0	0.962	0	0	0.974	0	0	0	0	0	0	0	0	0	0	0	0	0	0.606	0	0	0	0	0	0	0	0	0	0	0	0	0	0	0	0	0	0	0	0	0	0	0	0.705	0	0	0	0	0	0	0	0	0	0.9795	0	0	0	0	0	0.2275	0	0	0.1225	0	0	0	0.648	0	0	0	0	0
chr8_100791342_100791843	0	0	0	0	0	0	0	0	0	0	0	0	0	0	0	0	0	0	0	0	0	0	0	0	0	0	0	0	0	0	0	0	0	0	0	0.1715	0	0	0	0	0	0	0	0	0	0	0	0	0	0	0	0	0	0	0	0	0	0	0	0	0	0	0	0	0	0	0	0	0	0	0	0	0	0	0	0	0	0	0	0	0	0	0	0	0	0	0	0	0	0	0	0	0	0	0.9975	0	0	0	0	0	0	0	0	0	0
chr8_101385420_101385921	0	0	0	0	0	0	0	0	0.948	0	0.934	0	0	0	0	0	0	0	0	0	0.807	0	0.9465	0	0.999	0	1	0	0	0	0	0	0	0	0	0	0	0	0	0	0	0	0	0	0	0	0	0	0	0	0	0	0	0	0	0	0	0	0	0	0	0	0	0	0	0	0	0	0	0.8015	0	0	0	0.357	0	0	0	0	0	0	0	0	0	0	0	0.999	0	0	0	0	0	0	0	0	0	0	0	0	0.4635	0	0	0.7775	0	0	0
chr8_103168024_103168525	0	0	0	0	0	0	0	0	0	0	0	0	0	0	0	0	0	0	0	0	0	0	0	0	0	0	0	0	0	0	0	0	0	0	0	0	1	0.9665	0	0	0	0	0	0	0	0	0	0	0	0	0	0	0	0	0	0	0	0	0	0	0	0	0	0	0	0.8865	0	0	0	0	0	0	0	0	0	0	0	0	0	0	0	0	0	0	0	0	0	0	0	0	0	0	0	0	0	0	0.2095	0	0	0	0	0	0	0	0
chr8_105138128_105138629	0.6	0	0	0	0	0	0	0	0	0	0.9985	0	0	0	0	0	0	0	0	0	0	0	0	0	0	0	0	0	0	0	0	0	0	0	0	0	0	0	0.9895	0	0	0	0	0	0.246	0	0	0	0	0	0	0	0	0.9165	0	0	0	0	0	0	0	0	0	0	0	0	0	0	0	0	0.366	0	0	0	0	0	0	0	0	0	0	0	0	0	0	0	0	0	0	0	0	0	0	0	0.8485	0	0	0	0	0	0	0.577	0	0	0
chr8_118271161_118271662	0	0	0	0	0.966	0	0	0.457	0	0	0	0	0	0	0	0	0	0	0	0.999	0	0	0	0.4105	0.878	0	0	0	0	0	0	0	0	0	0	0	0	0	0.171	0	0	0	0	0	0	0	0	0	0	0	0	0	0	0.631	0	0	0	0	0	0	0	0	0	0	0	0	0	0	0	0	0	0	0	0	0.642	0	0	0	0.8185	0.8635	0	0	0	0	0	0	0	0	0	0	0	0	0.1505	0.941	0	0	0.953	0	0	0.3515	0	0.2655	0	0	0
chr8_125012498_125012999	0	0	0	0	0	0	0.7805	0	0	0	0	0	0	0	0	0	0	0	0	0	0	0	0	0	0	0	0	0	0	0	0	0	0	0	0	0	0	0	0	0	0	0	0	0	0	0	0	0.791	0	0	0	0	0	0	0	0	0	0	0	0	0	0	0	0	0	0	0	0	0	0	0	0	0	0	0	0	0	0	0	0	0	0	0	0	0	0.989	0	0	0	0	0	0	0	0	0	0	0.794	0	0	0	0	0.202	0	0	0
chr8_125345748_125346249	0	0	0	0	0	0	0	0	0.362	0.147	0	0.433	0.468	0.3325	0.264	0.2575	0.5855	0.4165	0.263	0	0.1965	0.134	0.251	0	0	0.507	0.3995	0.4055	0.915	0.476	0.1245	0	0	0.3925	0.4105	0	0	0	0.179	0.2665	0.538	0.437	0.5335	0	0	0.413	0	0	0.253	0	0	0	0	0	0.645	0	0	0	0	0	0.8685	0	0	0.1385	0	0.672	0.357	0.5245	0.405	0.701	0	0	0	0	0	0	0.344	0	0	0	0.3355	0	0	0	0	0	0	0.18	0	0	0.6425	0	0	0	0	0.3795	0	0	0	0	0	0.5235	0	0.71	0.1455
chr8_128224854_128225355	0	0	0	0	0.5835	0	0	0.9875	0	0	0	0	0	0	0	0	0	0	0	0	0	0	0	0	0	0	0	0	0	0	0	0	0	0	0	0.7735	0	0	0.9015	0	0	0	0	0	0	0	0	0	0	0	0	0	0.94	0.4095	0	0	0	0	0.9995	0	0	0	0	0	0	0	0	0	0.986	0	0	0	0	0	0	0	0	0	0	0	0	0	0	0	0	0.3805	0	0	0	0	0	0	0.3355	0	0	0.2785	0	0	0	0	0	1	0	0	0
chr8_128534533_128535034	0	0	0	0	0	0	0	0	0	0	0	0	0	0	0	0	0	0	0	0	0	0.1335	0	0.908	0	0	0	0	0	0	0	0	0	0	0	0	0	0	0	0	0	0	0	0	0	0	0	0	0	0	0	0	0	0	0	0	0.142	0	0	0	0	0	0	0	0	0	0	0	0	0	0	0	0.1685	0	0	0	0	0	0	0	0	0	0	0	0	0	0	0	0	0.2095	0	0	0	0	0	0	0	0	0	0	0	0.972	0	0	0
chr8_132777020_132777521	0	0	0	0	0	0	0	0	0	0	0	0	0	0	0	0	0	0	0	0	0	0	0	0	0	0	0	0	0	0	0	0	0	0	0	0	0	0	0	0	0	0	0	0	0	0	0	0	0	0	0	0	0	0	0	0	0	0	0	0	0	0	0	0	0	0	0	0	0	0	0	0	0	0	0	0	0	0	0	0	0	0	0	0	0	0	0	0	0.9235	0	0	0	0	0	0	0	0.1185	0	0	0.514	0	0	0	0	0
chr8_138399156_138399657	0	0	0	0	0	0	0	0	0.1625	0.43	0	0	0	0	0.4675	0	0.122	0	0	0	0	0	0	0	0	0	0.999	0	1	0.2025	0.999	0	0	0	0	0	0	0.127	0	0	0	0	0	0	0	0	0	0	0	0	0	0	0	0.836	0	0	0	0	0	0	0	0	0	0	0	0	0	0	0	0	0	0	0	0	0	0.8235	0	0	0	0	0	0	0	0	0	0.681	0	0	0	0	0	0	0	0	0	0	0	0	0	0	0	0	0	0	0
chr9_20947731_20948232	0	0	0	0.5245	0	0	0	0	0	0	0	0	0	0	0	0	0	0	0	0	0	0	0	0	0.3795	0	0	0	0	0	0	0	0	0	0	0	0	0	0.334	0	0	0	0	0	0	0	0	0	0	0	0	0	0	0.127	0	0	0	0	0	0	0	0	0	0	0	0	0	0	0	0	0.4335	0	0	0	0	0	0	0	0	0	0	0	0	0	0.151	0	0	0	0	0	0	0	0.52	0	0	0	0	0	0.132	0	0	0.2	0	0	0
chr9_23586468_23586969	0	0	0	0	0	0	0	0	0	0	0	0	0	0	0.6185	0	0	0	0	0	0	0.194	0	0	0	0	0.701	0	0	0	0	0	0	0	0	0	0	0	0.674	0	0.807	0	0	0	0	0	0	0	0	0	0	0	0	0	0	0	0	0	0.227	0	0	0	0	0.838	0	0	0	0.68	0	0	0	0	0	0	0.777	0	0	0	0.1975	0	0	0	0	0	0	0	0	0	0	0	0.71	0	0	0	0	0	0	0	0.7345	0.122	0	0	0	0	0
chr9_34276260_34276761	0	0.666	0.1375	0	0	0	0	0	0	0	0.8695	0	0	0	0	0	0	0.5745	0	0	0.6125	0	0	0	0	0	0	0	0	0	0	0.22	0	0	0	0	0.226	0.5485	0	0	0.385	0	0	1	0	0.4765	0.801	0	0	0	0	0	0.3225	0	0	0	0	0	0.4895	0.7165	0	0	0.51	0	0	0	0.3955	0.3875	0	0.9435	0	0	0	0.9645	0	0	0	0	0.336	0	0	0	0.563	0.544	0	0.7815	0	0	0	0	0	0	0	0	0	0.8375	0	0	0.827	0	0	0.4985	0	0	0.2425
chr9_44083562_44084063	0	0	0	0	0	0	0	0	0	1	0	0	0	0.955	0.8895	0	0	0	0	0	0	0	0	0	0	0	0	0	0	0	0	0	0.7785	0.243	0	0	0	0	0	0.9765	0	0	0.239	0	0	0	0	0	0	0	0	0	0	0	0.979	0	0	0	0	0	0.284	0	0	0.895	0	0	0.5855	0.942	0	0.953	0	0	0	0	0.1695	0	0	0.804	0	0	0	0	0	0	0	0.1715	0	0	0.8935	0	0	0	0	0	0	0	0.3175	0	0.6875	0	0.189	0.9985	0	0	0
chr9_44110458_44110959	0	0	0	0	0	0	0	0	0.9995	0.2505	0	0	0	1	0	0	0	1	0	0	0	0	0	0.9715	0	0	0.925	0.6925	0	0.5355	0	0	0.997	0.999	0	0	0	0	0	1	0	0	0	0	0.995	0	0	0	0	0	0	0	0	0	0.8205	0	0	0	0	0	0.783	0	0.711	0	0	0	0	0	0	0.1465	0	0	0	0	0	0	0	0	0.7325	0.9975	0	0	0	0	0	0	0	0	0	0.156	0	0	0	0	0	0	0	0	0.89	0	0	0	0	0	0
chr9_58415895_58416396	0.4415	0	0	0	0	0	0	0	0.9615	0	0.998	0	0	0	0	0.9705	0.8225	0	0	0	0	0	0	0	0	0	0.156	0	0	0.1845	0	0	0	0	0	0	0	0.139	0.476	0	0.811	0	0	0	0	0	0	0	0	0	0	0.9645	0	0	0	0	0	0	0.517	0	0	0	0.247	0	0.828	0	0	0	0.2695	0	0	0	0	0	0	0	0	0	0.95	0	0	0	1	0	0	0.6185	0	0	0	0	0	0	0	0	0	0	0.164	0	0	0	0	0	0	0	0
chr9_64220527_64221028	0	0	0	0	0	0	0.562	0	0	0	0	0	0	0	0	0	0	0	0	0	0	0.5265	0	0	0.9735	0	0	0	0	0	0	0	0	0	0	0	0	0	0	0	0	0	0	0	0	0	0	0	0	0	0	0	0	0	0	0	0	0	0	0	0	0	0	0	0	0	0	0	0	0	0.136	0	0	0	0	0	0	0	0	0	0	0	0	0	0	0	0	0	0	0	0	0	0	0	0	0	0	0	0	0.2885	0	0	0	0	0
chr9_64303120_64303621	0	0	0	0	0	0	0	0	0	0	0	0	0	0	0	0	0	0	0	0	0	0	0	0.426	0	0	0	0	0	0	0	0	0	0	0	0.408	0	0	0	0	0	0	0	0	0.54	0	0	0	0	0	0	0	0	0	0	0	0.4705	0	0	0	0	0	0	0	0	0	0	0	0	0	0	0	0.378	0	0	0	0	0	0	0	0	0	0	0	0	0	0	0	0	0.271	0	0	0	0	0	0.2115	0	0	0	0	0.7325	0	0	0	0
chr9_64359690_64360191	0	0	0	0	0	0	0	0	0	0	0	0	0	0	0.452	0	0	0	0	0.2165	0	0	0	0	0	0	0.647	0	0	0	0	0	0	0	0	0	0	0	0	0	0	0	0	0	0	0	0	0	0	0	0	0	0.23	0	0.482	0	0	0.2815	0	0	0	0	0	0	0	0	0	0.4245	0.229	0.3845	0	0	0	0	0	0	0	0	0.3935	0	0	0	0	0	0	0.2265	0	0	0	0	0	0	0	0.493	0	0.7685	0	0	0	0	0	0.1095	0	0	0
chr9_95853788_95854289	0	0.298	0.4185	0	0	0	0.199	0	0	0	0	0	0	0	0	0	0	0	0	0	0	0	0	0.236	0	0	0	0	0	0	0	0	0	0	0	0.739	0	0	0	0	0	0	0	0	0	0	0	0	0	0	0.6955	0	0	0	0	0.759	0.393	0	0	0	0	0	0	0	0	0	0	0	0	0	0.402	0	0	0	0	0	0	0	0	0	0.1675	0	0	0	0	0	0	0.434	0	0	0.2795	0	0	0	0	0.4275	0.2385	0	0.469	0	0	0	0	0	0
chr9_103204580_103205081	0	0.313	0.158	0.74	0.749	0	0	0	0	0	0	0	0	0	0	0	0	0	0	0	0.1505	0	0	0	0	0	0	0	0	0	0	0	0	0	0	0	0	0	0.5565	0	0.2175	0	0	0.411	0	0.6775	0	0.5425	0	0	0	0	0.385	0.615	0	0	0	0	0	0	0	0	0	0.1635	0	0.357	0	0	0.4825	0.2025	0	0	0	0	0	0	0	0.8295	0.3735	0	0	0	0	0	0	0.4085	0	0.1885	0	0	0.7625	0	0	0	0.563	0	0	0	0.712	0	0	0	0	0	0
chr9_105617401_105617902	0	0	0	0	0	0	0	0	0	0	0	0	0	0	0	0	0	0	0	0.5565	0	0	0	0	0	0	0	0	0	0	0	0	0	0	0	0	0	0	0	0	0	0	0	0	0	0	0	0	0	0	0	0	0	0	0	0	0	0	0	0	0	0	0	0	0	0	0	0	0	0	0	0	0	0	0	0	0	0	0	0	0	0	0	0	0	0	0	0	0	0	0	0	0	0	0.15	0	0	0	0.341	0	0	0	0	0	0
chr9_112972563_112973064	0	0	0	0	0	0	0	0	0	0	0	0	0	0	0	0	0	0	0	0	0	0	0	0	0	0	0	0	0	0	0	0	0	0	0	0	0	0	0	0	0	0	0	0	0	0	0	0	0.3695	0	0	0	0	0.8935	0	0	0	0	0	0.5025	0	0	0	0	0	0	0	0	0	0	0	0	0	0	0	0	0	0	0	0	0	0	0	0	0	0.881	0	0	0	0.7315	0	0	0	0	0	0	0	0	0	0	0	0.141	0	0	0
chr9_112972059_112972560	0	0	0	0	0.979	0	0	0.382	0	0	0	0	0	0	0	0	0	0	0	0	0	0	0	0	0	0	0	0	0	0	0	0	0	0	0	0	0	0	1	0	0	0	0	0	0	0	0	0	0	0	0	0	0	0.779	0	0	0	0	0	0	0	0	0	0	0	0	0	0	0	0.3985	0	0	0	0	0.448	0	0	0	1	0.659	0	0	0	0	0	0.195	0	0	0	0	0	0	0.1315	0	0	0	0	0	0	0	0.9	0.3325	0	0	0
chr9_113333451_113333952	0	0	0	0	0	0	0	0	0	0	0	0	0	0	0	0	0	0	0	0	0	0	0	0.327	0	0	0	0	0	0	0	0	0	0	0	0.6045	0	0	0	0	0	0	0	0	0	0	0	0	0	0.998	0	0	0	0	0	0	0.3535	0	0	0	0	0	0	0	0	0	0	0	0	0	0.2835	0	0.127	0	0	0	0	0	0	0	0	0	0.2325	0	0	0	0	0	0	0.23	0	0	0	0	0	0	0	0	0	0	0	0	0	0	0
chr9_114385001_114385502	0	0	0	0	0	0	0	0	0.5005	0.7025	0	0	0.302	0	0	0	0	0	0	0	0.561	0	0	0	0	0	0.562	0.658	0	0	0	0	0	0	0	0	0	0	0.368	0	0	0	0	0	0	0	0	0	0	0	0	0	0	0	0.18	0	0	0	0	0	0	0	0	0	0	0	0	0.176	0	0	0	0	0.1555	0	0	0	0	0	0	0	0	0	0	0	0	0	0	0	0	0	0.323	0	0	0	0.6055	0	0	0	0	0	0	0.484	0	0	0
chr9_115178557_115179058	0	0	0	0	0	0	0	0	0	0	0	0	0	0	0	0	0	0	0	0	0	0	0	0	0	0	0	0	0	0	0	0	0	0	0	0	0	0	0	0	0	0	0	0	0	0	0	0	0	0	0	0	0	0	0	0	0	0	0	0	0	0	0	0	0	0	0	0	0	0	0	0	0	0	0	0	0	0	0	0	0	0	0	0	0	0	0	0	0.7055	0	0	0	0.137	0.231	0	0	0	0	0	0	0.9425	0	0	0	0
chr9_115201345_115201846	0	0	0	0	0	0	0	0	0	0	0	0	0	0	0	0	0	0	0.331	0	0.162	0	0	0	0	0	0	0	0	0	0	0	0	0	0	0	0	0	0	0	0	0	0	0	0	0	0	0	0	0	0	0.1365	0	0.152	0	0	0	0	0	0.6575	0	0	0.1675	0	0	0	0	0	0	0	0	0	0	0	0	0	0	0	0	0	0	0	0	0	0	0	0	0	0	0	0	0	0	0	0	0	0.798	0	0.208	0	0	0	0	0	0
chr9_118080306_118080807	0	0	0	0	0	0	0	0	0	0	0	0	0	0	0	0	0	0	0	0	0	0	0	0.282	0	0	0	0	0	0	0	0	0	0	0	0	0.8225	0	0	0	0	0	0	0	0	0	0	0	0	0	0	0	0	0.6435	0	0	0	0	0	0	0	0	0	0	0	0	0	0	0	0	0.14	0	0	0	0	0.191	0	0	0	0	0	0	0	0	0	0.587	0	0	0	0	0	0	0	0	0	0	0	0	0	0	0	0	0	0	0
chr9_118524983_118525484	0	0	0	0	0	0	0	0	0	0	0	0	0	0	0	0	0	0	0	0	0	0	0	0	0	0	0	0	0	0	0	0	0	0	0	0	0	0	0	0	0	0	0	0	0	0	0.738	0	0.918	0	0	0	0	0.862	0.835	0	0	0	0.5435	0	0	0	0	0	0	0	0	0	0	0	0	0.856	0	0	0	0	0	0	0	0	0	0	0	0.8675	0	0	0	0	0	0	0	0.4765	0	0	0.3245	0	0	0.1955	0	0	0	0.125	0	0	0
chr9_119170047_119170548	0	0	0	0	0	0	0	0	0	0	0	0	0	0	0	0	0	0	0	0	0	0	0	0	0	0	0	0	0	0	0	0	0	0	0	0	1	0	0.989	0	0	0	0	0	0.2	0	0	0	0	0	0	0.978	0	0	0	0	0	0	0	0.884	0	0	0	0	0	0	0	0	0	0	0	0	0.191	0	0	0	0	0	0.953	0	0	0	0	0	0	0.8465	0	0	0	0.476	0	0	0	0	0.1325	0	0	0	0	0	0.263	0.146	0	0	0
chr9_125126226_125126727	0	0	0	0	0	0	0	0	0	0	1	0	0	0	0	0	0	0	0	0	0	0	0.4085	0.2305	0	0	0.347	0	0	0	0	0	0	0	0	0.4365	0	0	0	0	0	0	0	0	0.2065	0	0	0	0	0	0.2965	0	0	0.2465	0	0	0.155	0	0	0	0	0	0	0	0	0	0	0	0	0	0	0	0.6275	0	0.6265	0	0.462	0	0	0	0	0	0	0	0	0.4205	0	0	0	0.724	0	0	0	0	0	0	0	0	0	0	0.2265	0.396	0	0	0
chr9_125272300_125272801	0	0	0	0	0	0	0	0	0	0	0	0	0	0	0	0.143	0	0	0	0	0	0	0	0.46	0	0	0	0	0	0	0	0	0	0	0	0.991	0	0	0	0	0	0	0	0	0	0	0	0	0	0.4025	0.9275	0	0	0	0	0.2125	0.596	0	0.2395	0	0	0	0	0	0	0	0	0	0	0	0	0	0.9985	0	0	0	0	0	0.5645	0	0	0	0	0	0.727	0.4045	0.1885	0.804	0	0.981	0.741	0	0	0	0	0.3705	0.308	0	0	0	0	0.999	0	0	0
chr0_2158699_2159200	0	0.9975	0.3435	0	0	0	0	0	0	0.932	0.203	0	0	0	0.305	0	0	0	0	0	0	0	0	0	0	0	0.9995	0.875	0	1	0	0	0.1725	0	0	0	0	0	0	0	0	0	0	0	0	0.459	0	0	0	0	0	0	0	0.6285	0	0	0	0	0.257	0	0	0	0	0	0	0	0	0	0	0	1	0	0	0	0	0	0	0	0	0	0	0	0	0	0	0	0	0	0	0	0	0	0	0	0	0	0	0	0	0	0	0.9075	0	0	0
chr0_9527714_9528215	0	0	0	0	0	0	0	0	0	0	0	0	0	0	0	0	0	0	0	0	0	0	0	0	0.9995	0	0	0	0	0	0	0	0	0	0	0	0.3945	0	0	0	0	0	0	0	0	0	0	0	0	0	0	0	0.306	0	0	0	0	0	0.477	0	0	0	0	0	0	0	0	0	0	0	0.997	0	0	0	0	0	0	0	0	0	0	0	0	0	0	0	0.392	0	0	0	0	0	0	0	0	0	0.6055	0	0	0	0	0	0	0	0
chr0_52924343_52924844	0	0	0	0	0	0	0	0	0	0	0	0	0	0	0	0	0	0	0	0	0	0	0	0	0	0.9115	0	0	0	0	0	0	0	0	0	0	0	0	0	0	0	0	0	0	0	0	0	0	0	0	0	0	0	0.843	0	0	0	0	0	0	0	0	0	0	0	0	0	0.998	0	0	0	0	0	0	0.9825	0	0	0	0	0	0	0	0	0	0	0	0	0	0	0	0	0	0	0	0	0	0	0	0	0	0	0	0	0	0
chr0_82743319_82743820	0	0	0	0	0.8765	0	0	0	0	0	0	0	0	0	0	0	0	0	0	0	0	0	0	0	0	0	0	0	0	0	0	0	0	0	0	0	0	0	0	0	0	0	0	0	0	0	0	0	0	0	0	0	0	0	0	0	0	0	0	0	0	0	0	0	0	0	0	0	0	0	0	0	0	0	0	0	0	0	0	0	0	0	0	0	0	0	0	0	0	0	0	0	0	0	0	0	0	0	0	0	0	0	0	0	0
chr0_107665735_107666236	0	0	0	0	0	0	0	0	0	0	0	0	0	0	0	0	0	0	0	0.7555	0.571	0.3545	0	0	0.995	0	0	0	0	0	0	0	0	0	0	0.3715	0	0.2305	0.469	0	0.139	0	0	0	0	0	0	0	0	0	0	0	0.245	0	0	0	0	0	0.981	0	0	0	0.3205	0	0.966	0	0	0	0.9935	0.427	0	0	0	0.875	0	0	0	0.9765	0.987	0	0.958	0	0	0	0	0.875	0	0	0	0	0	0	0	0	0	0	0.696	0	0	0.324	0	0	0	0	0
chr0_108560529_108561030	0	0	0	0	0	0	0	0	0	0	0	0	0	0	0	0	0	0	0	0	0	0	0	0	0	0	0	0	0	0	0	0	0	0	0	0	0	0	0	0	0	0	0	0	0	0	0	0	0	0	0	0	0	0	0	0	0	0	0	0	0	0	0	0	0	0	0	0	0	0	0.838	0	0	0	0	0	0	0	0	0	0	0	0	0	0	0	0	0	0	0	0	0	0	0	0	0	0	0	0	0	0	0	0	0	0
chr0_108572379_108572880	0	0	0	0	0	0	0	0	0	0	0	0	0	0	0	0	0	0	0	0	0	0	0	0.9985	0	0	0	0	0	0	0	0	0	0	0	0	0	0	0	0	0.1505	0	0	0	0.293	0	0	0	0	0	0	0	0	0.8885	0	0	0.772	0	0	0	0	0	0	0	0	0	0	0	0	0	0	0	0.991	0	0	0	0	0	0	0	0	0	0	0	0	0	0	0	0	0.7335	0	0	0	0	0	0	0	0	0	0.9705	0	0	0	0	0
chr0_146533682_146534183	0	0	0	0	0	0	0.599	0	0	0	0	0	0	0	0	0	0	0	0	0	0	0	0	0	0	0	0	0	0	0	0	0	0	0	0	0.492	0	0	0	0	0	0	0	0	0	0	0	0	0	0	0	0	0	0.799	0	0	0	0	0	0	0	0	0	0	0	0	0	0	0	0	0	0	0	0	0	0	0	0	0	0	0	0	0	0	0	0.4225	0	0	0	0	0	0	0	0.1635	0	0	0	0	0	0	0	0	0	0	0
